Time,NodeID,PacketID,Temperature(degree C),Humidity(%),Pressure(hPa),Voltage(V),RSSI,Lat,Lon,Height(m),Distance(km),Sat,SNR,Speed(km/hr),Direction(degree),angle(degree)
2019/07/14 13:01:26.482000,1101,1,34.24,62.0,1004.9135150000001,1.4946236559139785,-75.0,0.0,0.0,0.0,13168.447369028745,0,10,0.0,0.0,0.0
2019/07/14 13:01:27.488000,1101,2,34.25,61.8,1004.919218,1.5096774193548388,-75.0,24.99757,121.44225,44.51,9.920108934859531,4,9,0.31,0.0,0.2570756076857553
2019/07/14 13:01:28.479000,1101,3,34.26,61.9,1004.934218,1.513978494623656,-75.0,24.99757,121.44226,44.59,9.919119249072926,4,12,0.06,0.0,0.25756335165168615
2019/07/14 13:01:29.480000,1101,4,34.27,61.9,1004.917343,1.4989247311827958,-74.0,24.99756,121.44225,45.23,9.920325264756482,4,9,0.17,0.0,0.26122834500113823
2019/07/14 13:01:30.481000,1101,5,34.27,62.3,1004.918906,1.4946236559139785,-74.0,24.99755,121.44225,44.67,9.92054171484744,4,9,0.35,0.0,0.25798844935288945
2019/07/14 13:01:31.480000,1101,6,34.28,62.6,1004.918281,1.4924731182795699,-75.0,24.99754,121.44225,44.87,9.920758285124396,4,9,0.17,0.0,0.2591378625669575
2019/07/14 13:01:32.480000,1101,7,34.29,63.0,1004.898593,1.513978494623656,-76.0,24.99754,121.44226,44.36,9.919768663881184,4,9,0.15,0.0,0.25621805540053266
2019/07/14 13:01:33.480000,1101,8,34.31,63.4,1004.904062,1.5118279569892472,-75.0,24.99754,121.44226,43.74,9.919768663881184,4,9,0.15,0.0,0.25263705628531163
2019/07/14 13:01:34.479000,1101,9,34.31,63.7,1004.908046,1.4946236559139785,-75.0,24.99754,121.44226,42.91,9.919768663881184,4,9,0.13,0.0,0.24784313503011066
2019/07/14 13:01:35.481000,1101,10,34.34,64.1,1004.924921,1.4946236559139785,-75.0,24.99754,121.44226,41.96,9.919768663881184,4,9,0.46,0.0,0.2423561124709718
2019/07/14 13:01:36.480000,1101,11,34.33,64.2,1004.930859,1.4924731182795699,-76.0,24.99754,121.44226,41.28,9.919768663881184,4,9,0.11,0.0,0.23842855674559488
2019/07/14 13:01:37.484000,1101,12,34.34,64.2,1004.9144530000001,1.5118279569892472,-75.0,24.99754,121.44226,40.77,9.919768663881184,4,9,0.17,0.0,0.2354828884790615
2019/07/14 13:01:38.481000,1101,13,34.36,64.1,1004.937812,1.5096774193548388,-75.0,24.99754,121.44226,40.84,9.919768663881184,4,10,0.42,0.0,0.23588719596224766
2019/07/14 13:01:39.480000,1101,14,34.38,64.2,1004.939531,1.4967741935483871,-75.0,24.99754,121.44226,40.84,9.919768663881184,4,9,0.21,0.0,0.23588719596224766
2019/07/14 13:01:40.481000,1101,15,34.38,64.5,1004.920781,1.4924731182795699,-75.0,24.99754,121.44226,40.61,9.919768663881184,4,10,0.13,0.0,0.23455875700092388
2019/07/14 13:01:41.480000,1101,16,34.39,65.6,1004.928203,1.4924731182795699,-76.0,24.99754,121.44226,40.16,9.919768663881184,4,10,0.0,0.0,0.23195963656591628
2019/07/14 13:01:42.480000,1101,17,34.4,65.7,1004.931015,1.5118279569892472,-76.0,24.99755,121.44226,39.45,9.919552072078714,4,9,0.1,0.0,0.22786377537188615
2019/07/14 13:01:43.483000,1101,18,34.42,65.8,1004.95375,1.5096774193548388,-76.0,24.99755,121.44226,38.84,9.919552072078714,4,9,0.12,0.0,0.22434044276893322
2019/07/14 13:01:44.480000,1101,19,34.43,65.8,1004.909062,1.5075268817204301,-76.0,24.99755,121.44226,38.47,9.919552072078714,4,9,0.19,0.0,0.22220333855842642
2019/07/14 13:01:45.480000,1101,20,34.44,65.4,1004.9244530000001,1.5096774193548388,-76.0,24.99755,121.44226,37.63,9.919552072078714,4,9,0.13,0.0,0.21735153211899155
2019/07/14 13:01:46.481000,1101,21,34.46,65.3,1004.941562,1.5118279569892472,-76.0,24.99755,121.44226,36.92,9.919552072078714,4,10,0.12,0.0,0.21325059805201027
2019/07/14 13:01:47.480000,1101,22,34.46,65.3,1004.96625,1.5096774193548388,-77.0,24.99755,121.44227,35.85,9.918562433180597,4,9,0.3,0.0,0.20709097357970435
2019/07/14 13:01:48.480000,1101,23,34.47,65.1,1004.981171,1.4924731182795699,-76.0,24.99755,121.44227,35.22,9.918562433180597,4,9,0.12,0.0,0.20345174884193679
2019/07/14 13:01:49.480000,1101,24,34.48,64.8,1004.951562,1.4924731182795699,-77.0,24.99755,121.44227,34.51,9.918562433180597,4,9,0.42,0.0,0.19935039836191973
2019/07/14 13:01:50.480000,1101,25,34.49,64.9,1004.850859,1.4903225806451612,-77.0,24.99755,121.44227,33.8,9.918562433180597,4,10,0.17,0.0,0.19524904583895344
2019/07/14 13:01:51.479000,1101,26,34.52,64.9,1004.8778900000001,1.5096774193548388,-76.0,24.99756,121.44227,33.08,9.918345940056495,4,10,0.03,0.0,0.1910940967369756
2019/07/14 13:01:52.480000,1101,27,34.53,64.8,1004.875156,1.4924731182795699,-76.0,24.99756,121.44227,32.33,9.918345940056495,4,10,0.05,0.0,0.18676158326689515
2019/07/14 13:01:53.480000,1101,28,34.55,64.8,1004.883437,1.4924731182795699,-76.0,24.99756,121.44227,31.66,9.918345940056495,4,11,0.21,0.0,0.18289120275927248
2019/07/14 13:01:54.480000,1101,29,34.54,64.8,1004.911562,1.5075268817204301,-76.0,24.99756,121.44227,31.55,9.918345940056495,4,10,0.08,0.0,0.18225576699309062
2019/07/14 13:01:55.482000,1101,30,34.56,64.8,1004.890312,1.4946236559139785,-76.0,24.99756,121.44227,30.99,9.918345940056495,4,9,0.18,0.0,0.17902082058253369
2019/07/14 13:01:56.480000,1101,31,34.57,64.8,1004.930156,1.4946236559139785,-76.0,24.99756,121.44227,30.04,9.918345940056495,4,10,0.19,0.0,0.173532962465106
2019/07/14 13:01:57.479000,1101,32,34.61,64.7,1004.939218,1.5118279569892472,-76.0,24.99756,121.44227,29.5,9.918345940056495,4,10,0.06,0.0,0.1704135469515394
2019/07/14 13:01:58.480000,1101,33,34.6,64.3,1004.9227340000001,1.5075268817204301,-76.0,24.99756,121.44227,28.71,9.918345940056495,4,9,0.17,0.0,0.1658499557741295
2019/07/14 13:01:59.480000,1101,34,34.61,63.7,1004.901953,1.5075268817204301,-77.0,24.99757,121.44227,28.4,9.918129567148506,4,9,0.27,0.0,0.1640627579900609
2019/07/14 13:02:00.480000,1101,35,34.62,63.2,1004.87,1.5075268817204301,-76.0,24.99757,121.44227,28.1,9.918129567148506,4,10,0.04,0.0,0.1623297100109534
2019/07/14 13:02:01.484000,1101,36,34.62,62.9,1004.917031,1.5053763440860215,-76.0,24.99757,121.44227,27.82,9.918129567148506,4,9,0.16,0.0,0.1607121982957328
2019/07/14 13:02:02.480000,1101,37,34.63,62.6,1004.953125,1.5053763440860215,-76.0,24.99757,121.44227,27.56,9.918129567148506,4,9,0.02,0.0,0.15921022290216696
2019/07/14 13:02:03.479000,1101,38,34.66,62.5,1004.9084369999999,1.5053763440860215,-76.0,24.99757,121.44227,27.52,9.918129567148506,4,10,0.04,0.0,0.15897914974522195
2019/07/14 13:02:04.480000,1101,39,34.63,62.6,1004.9390619999999,1.5075268817204301,-76.0,24.99757,121.44227,27.45,9.918129567148506,4,9,0.1,0.0,0.15857477170812848
2019/07/14 13:02:05.479000,1101,40,34.67,62.6,1004.883359,1.4903225806451612,-76.0,24.99757,121.44227,27.41,9.918129567148506,4,10,0.0,0.0,0.15834369853697963
2019/07/14 13:02:06.480000,1101,41,34.67,62.4,1004.917812,1.4903225806451612,-76.0,24.99757,121.44227,27.24,9.918129567148506,4,9,0.2,0.0,0.1573616375022228
2019/07/14 13:02:07.480000,1101,42,34.69,62.6,1004.909062,1.4881720430107528,-77.0,24.99757,121.44227,27.22,9.918129567148506,4,9,0.14,0.0,0.1572461009038085
2019/07/14 13:02:08.480000,1101,43,34.68,62.6,1004.92,1.5053763440860215,-76.0,24.99757,121.44227,27.2,9.918129567148506,4,9,0.03,0.0,0.1571305643041154
2019/07/14 13:02:09.479000,1101,44,34.68,62.6,1004.9211710000001,1.5032258064516129,-76.0,24.99757,121.44227,27.31,9.918129567148506,5,9,0.21,0.0,0.15776601558658862
2019/07/14 13:02:10.479000,1101,45,34.7,62.7,1004.9225,1.4881720430107528,-76.0,24.99757,121.44227,27.16,9.918129567148506,5,9,0.13,0.0,0.15689949110089657
2019/07/14 13:02:11.480000,1101,46,34.7,62.7,1004.901015,1.4881720430107528,-76.0,24.99757,121.44227,27.24,9.918129567148506,5,9,0.06,0.0,0.1573616375022228
2019/07/14 13:02:12.480000,1101,47,34.7,62.7,1004.90625,1.5053763440860215,-75.0,24.99757,121.44227,27.72,9.918129567148506,5,9,0.08,0.0,0.16013451547808075
2019/07/14 13:02:13.481000,1101,48,34.71,62.8,1004.876875,1.5032258064516129,-76.0,24.99757,121.44227,28.07,9.918129567148506,5,9,0.19,0.0,0.1621564051966535
2019/07/14 13:02:14.479000,1101,49,34.73,62.9,1004.90125,1.4881720430107528,-76.0,24.99757,121.44227,28.44,9.918129567148506,5,9,0.14,0.0,0.164293831031329
2019/07/14 13:02:15.480000,1101,50,34.72,63.1,1004.8635929999999,1.4881720430107528,-76.0,24.99757,121.44227,28.52,9.918129567148506,5,10,0.26,0.0,0.16475597709782425
2019/07/14 13:02:16.480000,1101,51,34.75,63.3,1004.8746090000001,1.5032258064516129,-76.0,24.99757,121.44227,28.85,9.918129567148506,5,10,0.33,0.0,0.16666232939484796
2019/07/14 13:02:17.479000,1101,52,34.74,63.7,1004.868437,1.5032258064516129,-75.0,24.99757,121.44227,28.7,9.918129567148506,5,9,0.17,0.0,0.16579580566896399
2019/07/14 13:02:18.480000,1101,53,34.75,64.9,1004.91,1.4881720430107528,-75.0,24.99757,121.44227,28.42,9.918129567148506,5,12,0.08,0.0,0.16417829451136257
2019/07/14 13:02:19.481000,1101,54,34.76,64.7,1004.892031,1.4881720430107528,-76.0,24.99757,121.44227,28.28,9.918129567148506,5,9,0.07,0.0,0.16336953883426486
2019/07/14 13:02:20.480000,1101,55,34.76,65.3,1004.898437,1.5032258064516129,-74.0,24.99757,121.44227,28.17,9.918129567148506,5,9,0.16,0.0,0.16273408789942978
2019/07/14 13:02:21.479000,1101,56,34.8,64.6,1004.8948429999999,1.5032258064516129,-75.0,24.99757,121.44227,28.03,9.918129567148506,5,9,0.06,0.0,0.16192533210630528
2019/07/14 13:02:22.482000,1101,57,34.81,64.2,1004.867656,1.5032258064516129,-74.0,24.99757,121.44227,27.83,9.918129567148506,5,9,0.2,0.0,0.16076996657570283
2019/07/14 13:02:23.480000,1101,58,34.84,64.1,1004.884062,1.5010752688172042,-75.0,24.99757,121.44227,27.55,9.918129567148506,5,9,0.02,0.0,0.15915245461341596
2019/07/14 13:02:24.480000,1101,59,34.85,63.8,1004.91625,1.5010752688172042,-74.0,24.99757,121.44227,27.23,9.918129567148506,5,12,0.21,0.0,0.15730386920317554
2019/07/14 13:02:25.480000,1101,60,34.88,64.5,1004.87625,1.5032258064516129,-75.0,24.99757,121.44227,27.07,9.918129567148506,5,9,0.23,0.0,0.1563795763750043
2019/07/14 13:02:26.479000,1101,61,34.89,64.0,1004.897031,1.5032258064516129,-75.0,24.99757,121.44227,26.91,9.918129567148506,5,9,0.16,0.0,0.1554552834654404
2019/07/14 13:02:27.480000,1101,62,34.9,64.2,1004.930937,1.5010752688172042,-75.0,24.99757,121.44227,26.81,9.918129567148506,5,9,0.29,0.0,0.15487760035584455
2019/07/14 13:02:28.480000,1101,63,34.92,63.9,1004.888984,1.5010752688172042,-75.0,24.99757,121.44227,26.13,9.918129567148506,5,9,0.1,0.0,0.15094935438153598
2019/07/14 13:02:29.479000,1101,64,34.92,63.9,1004.9094530000001,1.5010752688172042,-75.0,24.99757,121.44227,25.65,9.918129567148506,5,10,0.08,0.0,0.1481764740136703
2019/07/14 13:02:30.480000,1101,65,34.97,63.7,1004.928593,1.5032258064516129,-75.0,24.99757,121.44227,25.24,9.918129567148506,5,9,0.2,0.0,0.1458079714826319
2019/07/14 13:02:31.482000,1101,66,34.96,63.8,1004.8978119999999,1.5010752688172042,-75.0,24.99757,121.44227,24.84,9.918129567148506,5,9,0.27,0.0,0.14349723682570156
2019/07/14 13:02:32.481000,1101,67,34.97,64.3,1004.8921869999999,1.5032258064516129,-76.0,24.99756,121.44227,24.43,9.918345940056495,5,10,0.36,0.0,0.14112565454746057
2019/07/14 13:02:33.480000,1101,68,34.99,64.6,1004.903906,1.5010752688172042,-76.0,24.99756,121.44227,24.53,9.918345940056495,5,9,0.14,0.0,0.1417033257723566
2019/07/14 13:02:34.479000,1101,69,35.0,64.8,1004.905625,1.5010752688172042,-76.0,24.99756,121.44227,24.51,9.918345940056495,5,9,0.37,0.0,0.14158779152967835
2019/07/14 13:02:35.480000,1101,70,35.01,64.3,1004.8742179999999,1.4838709677419355,-75.0,24.99756,121.44227,24.35,9.918345940056495,5,9,0.05,0.0,0.14066351754688025
2019/07/14 13:02:36.480000,1101,71,35.02,63.7,1004.883046,1.4838709677419355,-74.0,24.99756,121.44227,24.01,9.918345940056495,5,9,0.12,0.0,0.13869943509095417
2019/07/14 13:02:37.480000,1101,72,35.04,63.6,1004.8816400000001,1.5010752688172042,-75.0,24.99756,121.44227,23.9,9.918345940056495,5,9,0.13,0.0,0.13806399657931756
2019/07/14 13:02:38.480000,1101,73,35.04,63.9,1004.8748429999999,1.5010752688172042,-75.0,24.99756,121.44227,23.68,9.918345940056495,5,10,0.23,0.0,0.13679311945431
2019/07/14 13:02:39.480000,1101,74,35.04,63.7,1004.8864840000001,1.4967741935483871,-75.0,24.99756,121.44227,23.66,9.918345940056495,5,9,0.08,0.0,0.13667758516352504
2019/07/14 13:02:40.479000,1101,75,35.05,63.4,1004.8765619999999,1.4838709677419355,-73.0,24.99756,121.44227,23.65,9.918345940056495,5,9,0.18,0.0,0.1366198180177157
2019/07/14 13:02:41.479000,1101,76,35.06,64.0,1004.8575,1.4989247311827958,-76.0,24.99756,121.44227,23.54,9.918345940056495,5,9,0.03,0.0,0.13598437939550698
2019/07/14 13:02:42.480000,1101,77,35.08,64.3,1004.887968,1.4967741935483871,-75.0,24.99756,121.44227,23.27,9.918345940056495,5,9,0.17,0.0,0.1344246662722179
2019/07/14 13:02:43.486000,1101,78,35.11,64.3,1004.897031,1.4817204301075269,-74.0,24.99756,121.44227,23.01,9.918345940056495,5,9,0.28,0.0,0.13292272011331832
2019/07/14 13:02:44.479000,1101,79,35.11,63.6,1004.8928119999999,1.4881720430107528,-75.0,24.99756,121.44227,22.75,9.918345940056495,5,9,0.15,0.0,0.13142077377173764
2019/07/14 13:02:45.480000,1101,80,35.11,62.8,1004.8925780000001,1.4817204301075269,-75.0,24.99756,121.44227,22.33,9.918345940056495,5,9,0.11,0.0,0.12899455237776955
2019/07/14 13:02:46.480000,1101,81,35.13,63.0,1004.909375,1.4817204301075269,-75.0,24.99756,121.44227,22.2,9.918345940056495,5,10,0.25,0.0,0.12824357899499939
2019/07/14 13:02:47.480000,1101,82,35.14,63.1,1004.905937,1.4967741935483871,-75.0,24.99756,121.44227,22.08,9.918345940056495,5,9,0.09,0.0,0.1275503727564045
2019/07/14 13:02:48.479000,1101,83,35.14,63.1,1004.96875,1.5053763440860215,-75.0,24.99756,121.44227,21.93,9.918345940056495,5,9,0.16,0.0,0.12668386490567318
2019/07/14 13:02:49.486000,1101,84,35.16,63.1,1004.9360929999999,1.4989247311827958,-75.0,24.99756,121.44227,21.71,9.918345940056495,5,9,0.11,0.0,0.12541298661988737
2019/07/14 13:02:50.479000,1101,85,35.17,62.7,1004.9719530000001,1.4967741935483871,-76.0,24.99756,121.44227,21.6,9.918345940056495,5,10,0.08,0.0,0.12477754743063912
2019/07/14 13:02:51.480000,1101,86,35.19,61.9,1005.006406,1.4989247311827958,-76.0,24.99756,121.44227,21.51,9.918345940056495,5,9,0.06,0.0,0.12425764261659783
2019/07/14 13:02:52.481000,1101,87,35.21,61.7,1004.961562,1.4967741935483871,-78.0,24.99756,121.44227,21.07,9.918345940056495,5,9,0.14,0.0,0.12171588545499187
2019/07/14 13:02:53.480000,1101,88,35.21,61.8,1004.940312,1.4967741935483871,-73.0,24.99756,121.44227,21.09,9.918345940056495,5,9,0.21,0.0,0.12183141988189722
2019/07/14 13:02:54.480000,1101,89,35.23,61.7,1004.945937,1.4967741935483871,-74.0,24.99756,121.44227,20.85,9.918345940056495,5,10,0.36,0.0,0.1204450066939116
2019/07/14 13:02:55.482000,1101,90,35.23,61.3,1004.974453,1.5032258064516129,-78.0,24.99756,121.44227,20.95,9.918345940056495,5,9,0.13,0.0,0.12102267887280643
2019/07/14 13:02:56.479000,1101,91,35.26,61.5,1004.948281,1.4946236559139785,-76.0,24.99756,121.44227,20.79,9.918345940056495,5,9,0.66,0.0,0.1200984033748134
2019/07/14 13:02:57.479000,1101,92,35.26,61.8,1004.94914,1.4946236559139785,-77.0,24.99756,121.44227,20.85,9.918345940056495,5,9,0.12,0.0,0.1204450066939116
2019/07/14 13:02:58.479000,1101,93,35.27,62.2,1004.937187,1.4967741935483871,-78.0,24.99755,121.44227,20.56,9.918562433180597,5,9,0.35,0.0,0.11876716484907213
2019/07/14 13:02:59.480000,1101,94,35.28,62.3,1004.942812,1.4967741935483871,-78.0,24.99755,121.44227,20.57,9.918562433180597,5,9,0.36,0.0,0.1188249308142408
2019/07/14 13:03:00.480000,1101,95,35.29,61.9,1004.946875,1.4795698924731182,-80.0,24.99756,121.44227,20.15,9.918345940056495,5,9,0.62,0.0,0.11640130076258633
2019/07/14 13:03:01.482000,1101,96,35.3,60.5,1004.923281,1.4795698924731182,-79.0,24.99755,121.44227,20.51,9.918562433180597,5,9,2.12,0.0,0.1184783350196095
2019/07/14 13:03:02.481000,1101,97,35.32,59.8,1004.907031,1.4967741935483871,-87.0,24.99755,121.44227,21.04,9.918562433180597,5,9,1.98,0.0,0.12153993090264918
2019/07/14 13:03:03.479000,1101,98,35.33,60.4,1004.9275,1.4967741935483871,-74.0,24.99755,121.44227,20.73,9.918562433180597,5,9,1.37,0.0,0.11974918622400632
2019/07/14 13:03:04.481000,1101,99,35.33,62.0,1004.922343,1.4817204301075269,-73.0,24.99756,121.44227,20.55,9.918345940056495,5,9,2.52,0.0,0.11871199001077445
2019/07/14 13:03:05.481000,1101,100,35.35,62.4,1004.870781,1.4774193548387098,-78.0,24.99756,121.44227,20.22,9.918345940056495,5,9,2.76,9.86,0.11680567140856483
2019/07/14 13:03:06.480000,1101,101,35.35,62.9,1004.898593,1.4946236559139785,-77.0,24.99757,121.44227,21.53,9.918129567148506,5,9,0.51,9.86,0.12437589032557228
2019/07/14 13:03:07.480000,1101,102,35.36,62.9,1004.8619530000001,1.4946236559139785,-78.0,24.99757,121.44227,22.19,9.918129567148506,5,9,0.24,9.86,0.12818860828920925
2019/07/14 13:03:08.484000,1101,103,35.36,62.6,1004.846093,1.4795698924731182,-77.0,24.99758,121.44227,24.1,9.917913314464428,5,9,0.07,9.86,0.13922541211326914
2019/07/14 13:03:09.479000,1101,104,35.39,61.7,1004.891562,1.4795698924731182,-75.0,24.99758,121.44227,24.65,9.917913314464428,5,9,0.36,9.86,0.1424027426045133
2019/07/14 13:03:10.479000,1101,105,35.4,61.6,1004.865156,1.4946236559139785,-77.0,24.99758,121.44227,24.63,9.917913314464428,5,9,0.17,9.86,0.1422872033291498
2019/07/14 13:03:11.480000,1101,106,35.4,61.9,1004.866796,1.4795698924731182,-77.0,24.99758,121.44228,25.23,9.916923614900043,5,9,0.13,9.86,0.14576792706877786
2019/07/14 13:03:12.479000,1101,107,35.42,62.3,1004.877656,1.4795698924731182,-78.0,24.99759,121.44228,26.22,9.916707460957948,5,9,0.23,9.86,0.15149099073309472
2019/07/14 13:03:13.481000,1101,108,35.41,62.5,1004.862343,1.4924731182795699,-78.0,24.99759,121.44228,26.54,9.916707460957948,5,9,0.16,9.86,0.15333984225682118
2019/07/14 13:03:14.480000,1101,109,35.42,62.2,1004.841484,1.4924731182795699,-78.0,24.99759,121.44228,27.08,9.916707460957948,5,9,0.35,9.86,0.15645977847699463
2019/07/14 13:03:15.479000,1101,110,35.4,61.6,1004.865625,1.4924731182795699,-78.0,24.99759,121.44228,27.47,9.916707460957948,5,9,0.14,9.86,0.1587130651711401
2019/07/14 13:03:16.480000,1101,111,35.4,61.2,1004.85,1.4924731182795699,-77.0,24.99759,121.44228,27.36,9.916707460957948,5,9,0.55,9.86,0.1580775228196333
2019/07/14 13:03:17.480000,1101,112,35.41,61.2,1004.870078,1.4989247311827958,-78.0,24.99759,121.44228,27.62,9.916707460957948,5,9,0.29,9.86,0.15957971376931374
2019/07/14 13:03:18.480000,1101,113,35.39,61.0,1004.858437,1.4924731182795699,-79.0,24.9976,121.44228,27.92,9.916491427266626,5,9,0.48,9.86,0.1613165249791589
2019/07/14 13:03:19.484000,1101,114,35.39,61.0,1004.90375,1.4903225806451612,-78.0,24.9976,121.44228,28.15,9.916491427266626,5,9,0.16,9.86,0.16264541474414632
2019/07/14 13:03:20.479000,1101,115,35.36,61.4,1004.825937,1.4924731182795699,-77.0,24.9976,121.44228,28.64,9.916491427266626,5,9,0.19,9.86,0.16547652713642158
2019/07/14 13:03:21.480000,1101,116,35.35,61.1,1004.869453,1.4774193548387098,-77.0,24.9976,121.44228,28.98,9.916491427266626,5,9,0.36,9.86,0.16744097199579985
2019/07/14 13:03:22.479000,1101,117,35.33,60.9,1004.901562,1.4731182795698925,-78.0,24.9976,121.44228,29.13,9.916491427266626,5,9,0.61,9.86,0.1683076387206502
2019/07/14 13:03:23.480000,1101,118,35.33,60.6,1004.8871869999999,1.4752688172043011,-77.0,24.9976,121.44228,29.38,9.916491427266626,5,9,0.84,9.86,0.16975208309071982
2019/07/14 13:03:24.480000,1101,119,35.31,60.7,1004.874687,1.4967741935483871,-78.0,24.9976,121.44229,29.73,9.915501688580676,5,9,0.74,9.86,0.17179145079183847
2019/07/14 13:03:25.480000,1101,120,35.3,60.5,1004.879062,1.4924731182795699,-68.0,24.9976,121.44229,30.1,9.915501688580676,5,9,0.43,9.86,0.1739294409936879
2019/07/14 13:03:26.480000,1101,121,35.29,60.0,1004.896875,1.4903225806451612,-76.0,24.99761,121.44229,30.44,9.915285753676041,5,9,0.95,9.86,0.17589791080559314
2019/07/14 13:03:27.480000,1101,122,35.27,58.9,1004.8459369999999,1.4881720430107528,-79.0,24.99761,121.44229,30.1,9.915285753676041,5,9,1.48,9.86,0.1739332288024762
2019/07/14 13:03:28.480000,1101,123,35.26,58.6,1004.885312,1.4924731182795699,-75.0,24.9976,121.44228,30.88,9.916491427266626,5,9,1.82,9.86,0.1784187447155858
2019/07/14 13:03:29.479000,1101,124,35.23,58.6,1004.8559369999999,1.4903225806451612,-74.0,24.9976,121.44228,31.73,9.916491427266626,5,9,0.87,9.86,0.18332984937097066
2019/07/14 13:03:30.480000,1101,125,35.22,59.7,1004.8585929999999,1.4881720430107528,-74.0,24.9976,121.44228,30.98,9.916491427266626,5,9,0.85,9.86,0.17899652187133683
2019/07/14 13:03:31.481000,1101,126,35.21,60.5,1004.842187,1.4731182795698925,-77.0,24.99761,121.44228,33.04,9.916275513833794,5,9,0.7,9.86,0.19090287953949378
2019/07/14 13:03:32.482000,1101,127,35.19,61.7,1004.815937,1.4924731182795699,-74.0,24.99761,121.44228,33.66,9.916275513833794,5,9,0.94,9.86,0.19448517023346937
2019/07/14 13:03:33.480000,1101,128,35.19,62.3,1004.835625,1.4903225806451612,-76.0,24.99761,121.44228,34.35,9.916275513833794,5,9,0.27,9.86,0.19847191131360442
2019/07/14 13:03:34.479000,1101,129,35.17,62.5,1004.8317179999999,1.4731182795698925,-78.0,24.99761,121.44228,35.45,9.916275513833794,5,9,0.67,9.86,0.204827581509415
2019/07/14 13:03:35.479000,1101,130,35.15,62.7,1004.8117960000001,1.4795698924731182,-77.0,24.99761,121.44228,35.81,9.916275513833794,5,9,0.69,9.86,0.20690761794085483
2019/07/14 13:03:36.480000,1101,131,35.14,62.5,1004.8197650000001,1.4903225806451612,-78.0,24.99761,121.44228,36.73,9.916275513833794,5,9,0.42,9.86,0.2122232641082554
2019/07/14 13:03:37.484000,1101,132,35.13,62.7,1004.829218,1.4881720430107528,-78.0,24.99761,121.44228,37.36,9.916275513833794,5,9,0.9,9.86,0.215863324055763
2019/07/14 13:03:38.480000,1101,133,35.12,62.9,1004.815312,1.4731182795698925,-80.0,24.99761,121.44228,37.63,9.916275513833794,5,9,0.66,9.86,0.21742334921583498
2019/07/14 13:03:39.481000,1101,134,35.1,63.5,1004.817187,1.4860215053763441,-84.0,24.99762,121.44228,37.06,9.916059720667379,5,9,2.33,9.86,0.21413462224166344
2019/07/14 13:03:40.480000,1101,135,35.1,63.1,1004.798359,1.4838709677419355,-80.0,24.99762,121.44228,36.48,9.916059720667379,5,9,0.7,9.86,0.2107833823227799
2019/07/14 13:03:41.480000,1101,136,35.07,62.9,1004.778906,1.4838709677419355,-78.0,24.99762,121.44228,36.58,9.916059720667379,5,9,0.3,9.86,0.21136118241232746
2019/07/14 13:03:42.479000,1101,137,35.06,62.1,1004.8225,1.4860215053763441,-83.0,24.99762,121.44228,36.51,9.916059720667379,5,9,0.16,9.86,0.2109567223541511
2019/07/14 13:03:43.481000,1101,138,35.03,61.7,1004.81,1.4860215053763441,-67.0,24.99761,121.44228,36.52,9.916275513833794,5,9,3.62,262.98,0.21100991041026718
2019/07/14 13:03:44.480000,1101,139,35.02,60.0,1004.723125,1.4946236559139785,-72.0,24.9976,121.44228,36.53,9.916491427266626,5,9,2.18,262.98,0.21106309359143138
2019/07/14 13:03:45.480000,1101,140,35.02,59.2,1004.8323429999999,1.4881720430107528,-77.0,24.9976,121.44228,36.1,9.916491427266626,5,9,4.55,262.98,0.20857866097062772
2019/07/14 13:03:46.480000,1101,141,34.98,59.2,1004.818046,1.4946236559139785,-88.0,24.9976,121.44229,35.66,9.915501688580676,5,9,2.49,262.98,0.20605701586163183
2019/07/14 13:03:47.479000,1101,142,34.97,59.4,1004.781875,1.4881720430107528,-80.0,24.9976,121.44229,35.62,9.915501688580676,5,9,0.78,262.98,0.2058258826680176
2019/07/14 13:03:48.481000,1101,143,34.96,59.7,1004.768437,1.4924731182795699,-83.0,24.99759,121.44229,35.84,9.915717743754868,4,10,1.65,262.98,0.20709260271663085
2019/07/14 13:03:49.480000,1101,144,34.93,60.1,1004.763281,1.4881720430107528,-78.0,24.9976,121.44228,35.33,9.916491427266626,4,9,1.84,262.98,0.20412979130063721
2019/07/14 13:03:50.479000,1101,145,34.91,60.2,1004.760937,1.4881720430107528,-87.0,24.99759,121.44228,35.59,9.916707460957948,4,10,0.92,262.98,0.2056275276933955
2019/07/14 13:03:51.480000,1101,146,34.9,60.3,1004.757343,1.4709677419354839,-81.0,24.9976,121.44228,35.81,9.916491427266626,4,9,1.47,262.98,0.20690311294571456
2019/07/14 13:03:52.479000,1101,147,34.88,60.7,1004.726562,1.4688172043010752,-79.0,24.99759,121.44228,33.99,9.916707460957948,5,9,1.18,262.98,0.19638331845177262
2019/07/14 13:03:53.479000,1101,148,34.85,60.8,1004.735859,1.4688172043010752,-79.0,24.9976,121.44229,34.53,9.915501688580676,5,9,3.31,312.19,0.19952750058886895
2019/07/14 13:03:54.479000,1101,149,34.86,60.8,1004.736406,1.4838709677419355,-86.0,24.9976,121.44229,34.38,9.915501688580676,5,9,2.43,312.19,0.1986607503805724
2019/07/14 13:03:55.483000,1101,150,34.85,60.9,1004.7329679999999,1.4903225806451612,-86.0,24.99759,121.44229,34.67,9.915717743754868,5,9,2.64,266.32,0.2003321022395183
2019/07/14 13:03:56.480000,1101,151,34.84,60.9,1004.7025,1.4838709677419355,-86.0,24.99758,121.44228,34.47,9.916923614900043,4,9,2.24,228.4,0.1991522414439122
2019/07/14 13:03:57.479000,1101,152,34.82,61.3,1004.734531,1.4903225806451612,-87.0,24.99758,121.44228,33.44,9.916923614900043,4,9,0.9,228.4,0.193201407970458
2019/07/14 13:03:58.480000,1101,153,34.82,61.3,1004.765703,1.4838709677419355,-84.0,24.99759,121.44228,32.39,9.916707460957948,5,10,0.4,228.4,0.18713909898590972
2019/07/14 13:03:59.480000,1101,154,34.83,60.5,1004.7644530000001,1.4838709677419355,-81.0,24.99759,121.44228,31.14,9.916707460957948,5,10,0.14,228.4,0.17991704572461492
2019/07/14 13:04:00.480000,1101,155,34.81,60.9,1004.719687,1.4688172043010752,-77.0,24.99759,121.44228,30.29,9.916707460957948,5,9,0.13,228.4,0.1750060462273118
2019/07/14 13:04:01.481000,1101,156,34.82,61.1,1004.710156,1.4666666666666668,-81.0,24.99759,121.44228,30.07,9.916707460957948,5,9,0.85,228.4,0.17373496358266913
2019/07/14 13:04:02.488000,1101,157,34.8,60.7,1004.7465619999999,1.4838709677419355,-82.0,24.99759,121.44228,30.25,9.916707460957948,5,9,0.32,228.4,0.17477494030469837
2019/07/14 13:04:03.480000,1101,158,34.81,61.4,1004.7425,1.4860215053763441,-80.0,24.9976,121.44228,30.09,9.916491427266626,5,10,0.53,228.4,0.173854303918995
2019/07/14 13:04:04.480000,1101,159,34.8,61.2,1004.735312,1.4838709677419355,-80.0,24.9976,121.44228,29.67,9.916491427266626,5,9,0.5,228.4,0.171427638289554
2019/07/14 13:04:05.480000,1101,160,34.81,61.9,1004.7654679999999,1.4838709677419355,-81.0,24.9976,121.44228,29.17,9.916491427266626,5,9,0.16,228.4,0.16853874983428582
2019/07/14 13:04:06.480000,1101,161,34.82,62.7,1004.7699210000001,1.4817204301075269,-82.0,24.9976,121.44228,28.85,9.916491427266626,5,9,0.07,228.4,0.16668986077227016
2019/07/14 13:04:07.484000,1101,162,34.81,61.4,1004.810156,1.4838709677419355,-83.0,24.9976,121.44228,28.43,9.916491427266626,5,9,0.28,228.4,0.1642631933521563
2019/07/14 13:04:08.481000,1101,163,34.82,61.5,1004.7921090000001,1.4817204301075269,-78.0,24.9976,121.44228,28.12,9.916491427266626,5,9,0.19,228.4,0.16247208130643237
2019/07/14 13:04:09.480000,1101,164,34.82,61.6,1004.785625,1.4688172043010752,-80.0,24.9976,121.44228,27.98,9.916491427266626,5,9,0.23,228.4,0.16166319189116332
2019/07/14 13:04:10.479000,1101,165,34.83,61.4,1004.791718,1.4666666666666668,-82.0,24.9976,121.44228,27.72,9.916491427266626,5,9,0.22,228.4,0.16016096852065123
2019/07/14 13:04:11.480000,1101,166,34.83,61.4,1004.787421,1.4645161290322581,-82.0,24.9976,121.44227,27.97,9.917481169799391,5,9,0.05,228.4,0.16158928629844013
2019/07/14 13:04:12.479000,1101,167,34.84,61.0,1004.798281,1.4838709677419355,-82.0,24.9976,121.44227,28.09,9.917481169799391,5,9,0.35,228.4,0.16228255089880458
2019/07/14 13:04:13.483000,1101,168,34.84,60.6,1004.793906,1.4817204301075269,-81.0,24.9976,121.44227,27.59,9.917481169799391,5,9,0.5,228.4,0.15939394808610724
2019/07/14 13:04:14.480000,1101,169,34.85,60.3,1004.789531,1.4817204301075269,-84.0,24.9976,121.44227,27.21,9.917481169799391,5,10,0.43,228.4,0.1571986094057584
2019/07/14 13:04:15.480000,1101,170,34.85,60.7,1004.80375,1.4817204301075269,-82.0,24.9976,121.44227,27.02,9.917481169799391,5,9,0.12,228.4,0.15610093989209228
2019/07/14 13:04:16.479000,1101,171,34.85,61.0,1004.768906,1.4795698924731182,-83.0,24.99761,121.44227,26.72,9.91726527783415,5,9,0.08,228.4,0.15437113773195818
2019/07/14 13:04:17.480000,1101,172,34.85,61.0,1004.745156,1.4817204301075269,-82.0,24.99761,121.44227,26.54,9.91726527783415,5,9,0.36,228.4,0.15333121738484168
2019/07/14 13:04:18.480000,1101,173,34.84,61.0,1004.788125,1.4795698924731182,-79.0,24.99761,121.44227,26.36,9.91726527783415,5,9,0.7,228.4,0.15229129693670307
2019/07/14 13:04:19.480000,1101,174,34.83,61.2,1004.781406,1.4645161290322581,-79.0,24.99761,121.44227,26.03,9.91726527783415,5,9,0.32,228.4,0.1503847758550124
2019/07/14 13:04:20.482000,1101,175,34.82,61.3,1004.848437,1.4795698924731182,-79.0,24.9976,121.44227,25.76,9.917481169799391,5,9,0.65,228.4,0.14882165499278444
2019/07/14 13:04:21.479000,1101,176,34.81,61.2,1004.823906,1.4795698924731182,-79.0,24.9976,121.44227,25.62,9.917481169799391,5,9,0.27,228.4,0.14801284525866878
2019/07/14 13:04:22.479000,1101,177,34.8,61.2,1004.84,1.4688172043010752,-78.0,24.9976,121.44227,25.42,9.917481169799391,5,9,0.26,228.4,0.14685740267911115
2019/07/14 13:04:23.480000,1101,178,34.8,61.2,1004.846093,1.4795698924731182,-82.0,24.9976,121.44227,25.21,9.917481169799391,5,9,0.04,228.4,0.1456441878420367
2019/07/14 13:04:24.479000,1101,179,34.8,61.5,1004.837656,1.4774193548387098,-81.0,24.9976,121.44227,25.19,9.917481169799391,5,9,0.52,228.4,0.14552864356501052
2019/07/14 13:04:25.480000,1101,180,34.78,61.2,1004.833593,1.4795698924731182,-78.0,24.9976,121.44227,25.36,9.917481169799391,5,9,0.65,228.4,0.14651076988190873
2019/07/14 13:04:26.479000,1101,181,34.77,61.6,1004.838671,1.4838709677419355,-77.0,24.9976,121.44227,25.73,9.917481169799391,5,10,0.2,228.4,0.14864833862617038
2019/07/14 13:04:27.479000,1101,182,34.76,61.7,1004.867656,1.4774193548387098,-80.0,24.9976,121.44227,26.1,9.917481169799391,4,9,0.25,228.4,0.1507859069566364
2019/07/14 13:04:28.484000,1101,183,34.75,61.6,1004.798906,1.4774193548387098,-78.0,24.9976,121.44227,26.06,9.917481169799391,4,9,0.15,228.4,0.15055481850860805
2019/07/14 13:04:29.480000,1101,184,34.75,61.3,1004.873281,1.4795698924731182,-79.0,24.9976,121.44227,26.09,9.917481169799391,4,9,1.39,228.4,0.1507281348450889
2019/07/14 13:04:30.479000,1101,185,34.74,61.7,1004.868281,1.4774193548387098,-79.0,24.9976,121.44227,26.05,9.917481169799391,5,9,0.14,228.4,0.15049704639583533
2019/07/14 13:04:31.482000,1101,186,34.74,61.9,1004.862343,1.4688172043010752,-78.0,24.9976,121.44227,25.86,9.917481169799391,5,9,0.17,228.4,0.14939937619514362
2019/07/14 13:04:32.480000,1101,187,34.73,61.7,1004.8735929999999,1.4774193548387098,-80.0,24.9976,121.44227,25.9,9.917481169799391,5,10,0.15,228.4,0.1496304646675878
2019/07/14 13:04:33.479000,1101,188,34.72,61.8,1004.852031,1.4688172043010752,-80.0,24.9976,121.44227,26.1,9.917481169799391,5,10,0.17,228.4,0.1507859069566364
2019/07/14 13:04:34.480000,1101,189,34.71,61.8,1004.872734,1.4774193548387098,-82.0,24.9976,121.44227,25.48,9.917481169799391,5,9,0.02,228.4,0.1472040354655632
2019/07/14 13:04:35.480000,1101,190,34.71,61.8,1004.909375,1.4774193548387098,-81.0,24.99761,121.44227,25.7,9.91726527783415,5,9,0.18,228.4,0.14847825444029975
2019/07/14 13:04:36.479000,1101,191,34.71,61.9,1004.916718,1.4752688172043011,-82.0,24.99761,121.44227,25.86,9.91726527783415,5,10,0.12,228.4,0.1494026285008776
2019/07/14 13:04:37.480000,1101,192,34.71,62.4,1004.91,1.4602150537634409,-82.0,24.99761,121.44227,25.71,9.91726527783415,5,9,0.14,228.4,0.1485360278213553
2019/07/14 13:04:38.479000,1101,193,34.7,62.7,1004.885937,1.4774193548387098,-82.0,24.99761,121.44227,25.71,9.91726527783415,5,9,0.17,228.4,0.1485360278213553
2019/07/14 13:04:39.481000,1101,194,34.7,62.8,1004.926328,1.4752688172043011,-80.0,24.99761,121.44227,25.73,9.91726527783415,5,9,1.01,228.4,0.1486515745825602
2019/07/14 13:04:40.480000,1101,195,34.69,62.9,1004.918046,1.4666666666666668,-77.0,24.99761,121.44227,26.14,9.91726527783415,5,9,0.35,228.4,0.15102028291945357
2019/07/14 13:04:41.481000,1101,196,34.7,63.2,1004.895312,1.4602150537634409,-74.0,24.99761,121.44227,26.06,9.91726527783415,5,9,0.08,228.4,0.15055809596717257
2019/07/14 13:04:42.479000,1101,197,34.68,62.8,1004.890312,1.4752688172043011,-75.0,24.99761,121.44227,26.47,9.91726527783415,5,10,0.37,228.4,0.15292680388919871
2019/07/14 13:04:43.480000,1101,198,34.68,62.6,1004.915937,1.4774193548387098,-76.0,24.99761,121.44227,26.87,9.91726527783415,5,9,0.31,228.4,0.15523773794355797
2019/07/14 13:04:44.480000,1101,199,34.66,62.8,1004.880078,1.4623655913978495,-75.0,24.99761,121.44227,26.92,9.91726527783415,5,10,0.1,228.4,0.15552660466499382
2019/07/14 13:04:45.480000,1101,200,34.66,62.3,1004.857812,1.4602150537634409,-77.0,24.99761,121.44227,27.16,9.91726527783415,5,9,1.6,228.4,0.15691316481756806
2019/07/14 13:04:46.479000,1101,201,34.65,61.7,1004.886406,1.4752688172043011,-77.0,24.99761,121.44227,26.67,9.91726527783415,5,9,1.16,228.4,0.15408227097904312
2019/07/14 13:04:47.480000,1101,202,34.65,61.5,1004.895937,1.4752688172043011,-77.0,24.99761,121.44227,26.91,9.91726527783415,5,9,0.55,228.4,0.15546883132133865
2019/07/14 13:04:48.479000,1101,203,34.63,61.3,1004.849375,1.4666666666666668,-78.0,24.99761,121.44227,28.05,9.91726527783415,5,9,0.52,228.4,0.16205499043273594
2019/07/14 13:04:49.483000,1101,204,34.66,61.3,1004.822968,1.4602150537634409,-80.0,24.99761,121.44227,28.78,9.91726527783415,5,9,0.36,228.4,0.1662724409587629
2019/07/14 13:04:50.480000,1101,205,34.63,61.5,1004.844296,1.4795698924731182,-78.0,24.99761,121.44227,29.35,9.91726527783415,5,9,0.71,228.4,0.16956551751637378
2019/07/14 13:04:51.480000,1101,206,34.65,61.1,1004.804687,1.4752688172043011,-79.0,24.99761,121.44227,29.85,9.91726527783415,5,9,0.3,228.4,0.17245418024177267
2019/07/14 13:04:52.479000,1101,207,34.63,60.9,1004.785156,1.4580645161290322,-80.0,24.99762,121.44227,30.05,9.917049506124256,5,9,0.39,228.4,0.1736134224023605
2019/07/14 13:04:53.479000,1101,208,34.65,60.8,1004.810625,1.4580645161290322,-79.0,24.99762,121.44227,30.43,9.917049506124256,5,9,0.38,228.4,0.17580885298448842
2019/07/14 13:04:54.479000,1101,209,34.65,61.3,1004.82375,1.4731182795698925,-78.0,24.99762,121.44227,30.7,9.917049506124256,5,10,0.11,228.4,0.1773687638742346
2019/07/14 13:04:55.481000,1101,210,34.66,61.9,1004.817968,1.4774193548387098,-79.0,24.99762,121.44227,30.8,9.917049506124256,5,9,0.13,228.4,0.17794650858160999
2019/07/14 13:04:56.479000,1101,211,34.66,61.4,1004.813281,1.4580645161290322,-79.0,24.99762,121.44227,30.78,9.917049506124256,5,9,0.2,228.4,0.17783095964302606
2019/07/14 13:04:57.479000,1101,212,34.66,60.9,1004.770703,1.4580645161290322,-79.0,24.99761,121.44227,30.71,9.91726527783415,5,10,0.16,228.4,0.1774226780704272
2019/07/14 13:04:58.479000,1101,213,34.68,61.3,1004.79375,1.4731182795698925,-82.0,24.99761,121.44227,30.75,9.91726527783415,5,9,0.17,228.4,0.17765377092832693
2019/07/14 13:04:59.480000,1101,214,34.68,60.9,1004.783593,1.4731182795698925,-77.0,24.99761,121.44227,30.77,9.91726527783415,5,9,0.14,228.4,0.17776931735510973
2019/07/14 13:05:00.480000,1101,215,34.69,60.3,1004.776562,1.4602150537634409,-75.0,24.99761,121.44227,29.9,9.91726527783415,5,9,0.19,228.4,0.1727430464663361
2019/07/14 13:05:01.481000,1101,216,34.68,60.4,1004.763593,1.4559139784946238,-75.0,24.99762,121.44228,28.61,9.916059720667379,5,10,5.44,101.32,0.16531039036469375
2019/07/14 13:05:02.486000,1101,217,34.7,60.6,1004.76375,1.4580645161290322,-75.0,24.99762,121.44229,27.34,9.915069939048895,5,9,0.12,101.32,0.15798805771413535
2019/07/14 13:05:03.480000,1101,218,34.71,61.2,1004.772343,1.4580645161290322,-75.0,24.99762,121.44229,27.25,9.915069939048895,5,9,0.07,101.32,0.1574679826052892
2019/07/14 13:05:04.479000,1101,219,34.7,61.7,1004.788671,1.4580645161290322,-74.0,24.99762,121.44229,26.99,9.915069939048895,5,9,0.31,101.32,0.15596554325649953
2019/07/14 13:05:05.479000,1101,220,34.72,61.7,1004.7495309999999,1.4731182795698925,-75.0,24.99762,121.44229,26.24,9.915069939048895,5,10,0.16,101.32,0.15163158240205102
2019/07/14 13:05:06.479000,1101,221,34.73,61.7,1004.7396090000001,1.4774193548387098,-74.0,24.99761,121.44229,26.0,9.915285753676041,5,9,0.15,101.32,0.15024144437078113
2019/07/14 13:05:07.484000,1101,222,34.73,61.6,1004.751406,1.4731182795698925,-75.0,24.99761,121.44229,26.27,9.915285753676041,5,9,0.63,101.32,0.1518016367216926
2019/07/14 13:05:09.480000,1101,224,34.76,60.9,1004.823281,1.4709677419354839,-75.0,24.99761,121.44229,26.7,9.915285753676041,5,10,0.27,101.32,0.1542863870370717
2019/07/14 13:05:10.479000,1101,225,34.76,61.1,1004.785625,1.4731182795698925,-78.0,24.99761,121.44229,25.85,9.915285753676041,5,9,0.33,101.32,0.1493746707460736
2019/07/14 13:05:11.479000,1101,226,34.77,61.0,1004.8060929999999,1.4709677419354839,-72.0,24.99761,121.44228,26.2,9.916275513833794,5,9,0.08,101.32,0.15138203129661112
2019/07/14 13:05:12.479000,1101,227,34.77,61.1,1004.81125,1.4731182795698925,-72.0,24.99761,121.44228,24.93,9.916275513833794,5,9,0.24,101.32,0.14404407904372576
2019/07/14 13:05:13.484000,1101,228,34.77,61.8,1004.825468,1.4731182795698925,-72.0,24.99761,121.44228,24.82,9.916275513833794,5,9,0.06,101.32,0.14340850815033973
2019/07/14 13:05:14.479000,1101,229,34.8,62.2,1004.857187,1.4688172043010752,-72.0,24.99761,121.44228,25.1,9.916275513833794,5,9,0.33,101.32,0.14502632490008496
2019/07/14 13:05:15.479000,1101,230,34.8,62.0,1004.862734,1.4709677419354839,-72.0,24.99761,121.44228,25.57,9.916275513833794,5,9,0.34,101.32,0.1477419453516786
2019/07/14 13:05:16.480000,1101,231,34.81,61.9,1004.8742179999999,1.4709677419354839,-73.0,24.99762,121.44228,26.67,9.916059720667379,5,9,0.22,101.32,0.15410100363047238
2019/07/14 13:05:17.478000,1101,232,34.82,61.9,1004.862656,1.4666666666666668,-72.0,24.99762,121.44228,27.54,9.916059720667379,5,9,0.1,101.32,0.15912789506780878
2019/07/14 13:05:18.479000,1101,233,34.82,61.6,1004.883046,1.4602150537634409,-72.0,24.99762,121.44228,28.21,9.916059720667379,5,9,0.1,101.32,0.16299917761243812
2019/07/14 13:05:19.484000,1101,234,34.82,61.6,1004.872812,1.4709677419354839,-72.0,24.99762,121.44228,28.77,9.916059720667379,5,9,0.1,101.32,0.16623487531538292
2019/07/14 13:05:20.479000,1101,235,34.83,61.6,1004.881406,1.4688172043010752,-72.0,24.99762,121.44228,29.22,9.916059720667379,5,10,0.12,101.32,0.1688349887735705
2019/07/14 13:05:21.479000,1101,236,34.84,61.9,1004.90625,1.4537634408602151,-72.0,24.99762,121.44228,29.44,9.916059720667379,5,9,0.2,101.32,0.17010615510070273
2019/07/14 13:05:22.480000,1101,237,34.84,61.6,1004.881562,1.4537634408602151,-71.0,24.99762,121.44228,29.37,9.916059720667379,5,9,0.3,101.32,0.16970169310562921
2019/07/14 13:05:23.480000,1101,238,34.85,61.9,1004.8642179999999,1.4559139784946238,-73.0,24.99762,121.44228,29.72,9.916059720667379,5,9,0.14,101.32,0.17172400291105785
2019/07/14 13:05:24.478000,1101,239,34.86,61.7,1004.8978119999999,1.4752688172043011,-72.0,24.99762,121.44228,30.2,9.916059720667379,5,9,0.18,101.32,0.17449745566171865
2019/07/14 13:05:25.482000,1101,240,34.86,61.7,1004.9191400000001,1.4731182795698925,-74.0,24.99762,121.44228,30.4,9.916059720667379,5,9,0.18,101.32,0.17565306073389225
2019/07/14 13:05:26.479000,1101,241,34.87,61.5,1004.949218,1.4688172043010752,-73.0,24.99762,121.44228,30.32,9.916059720667379,5,9,0.07,101.32,0.17519081872211928
2019/07/14 13:05:27.479000,1101,242,34.88,61.2,1004.9114840000001,1.4666666666666668,-78.0,24.99762,121.44228,30.61,9.916059720667379,5,10,0.46,101.32,0.17686644590585146
2019/07/14 13:05:28.479000,1101,243,34.87,61.3,1004.965781,1.4688172043010752,-77.0,24.99762,121.44228,30.54,9.916059720667379,5,11,0.15,101.32,0.17646198419943862
2019/07/14 13:05:29.478000,1101,244,34.9,61.3,1004.929687,1.4666666666666668,-83.0,24.99762,121.44228,30.2,9.916059720667379,5,9,0.3,101.32,0.17449745566171865
2019/07/14 13:05:30.479000,1101,245,34.91,61.6,1005.017968,1.4752688172043011,-83.0,24.99761,121.44227,29.94,9.91726527783415,5,9,0.3,101.32,0.17297413943966472
2019/07/14 13:05:31.480000,1101,246,34.91,61.7,1004.981406,1.4688172043010752,-76.0,24.99761,121.44227,29.58,9.91726527783415,5,9,0.13,101.32,0.17089430247800774
2019/07/14 13:05:32.480000,1101,247,34.92,61.5,1004.9859369999999,1.4688172043010752,-78.0,24.99761,121.44227,29.54,9.91726527783415,5,9,0.11,101.32,0.170663209454367
2019/07/14 13:05:33.479000,1101,248,34.93,61.2,1004.967187,1.4709677419354839,-77.0,24.99761,121.44227,29.42,9.91726527783415,5,9,0.24,101.32,0.16996993035015914
2019/07/14 13:05:34.478000,1101,249,34.93,60.9,1004.971406,1.4666666666666668,-78.0,24.99761,121.44227,29.35,9.91726527783415,5,9,0.13,101.32,0.16956551751637378
2019/07/14 13:05:35.480000,1101,250,34.95,61.1,1004.953281,1.4731182795698925,-76.0,24.99761,121.44227,29.06,9.91726527783415,5,10,0.1,101.32,0.1678900927397228
2019/07/14 13:05:36.479000,1101,251,34.96,61.2,1004.925156,1.4666666666666668,-78.0,24.9976,121.44227,28.69,9.917481169799391,5,9,0.12,101.32,0.1657488731838012
2019/07/14 13:05:37.484000,1101,252,34.97,61.7,1004.98625,1.4666666666666668,-78.0,24.9976,121.44227,28.49,9.917481169799391,5,10,0.3,101.32,0.1645934325556956
2019/07/14 13:05:38.479000,1101,253,34.97,61.7,1004.9942179999999,1.4666666666666668,-80.0,24.9976,121.44227,28.67,9.917481169799391,5,10,0.32,101.32,0.1656333291270417
2019/07/14 13:05:39.478000,1101,254,34.98,62.0,1005.009531,1.4645161290322581,-78.0,24.9976,121.44227,28.84,9.917481169799391,5,9,0.26,101.32,0.1666154535664607
2019/07/14 13:05:40.479000,1101,255,34.98,61.5,1005.0058590000001,1.4666666666666668,-87.0,24.9976,121.44227,28.99,9.917481169799391,5,9,0.73,101.32,0.16748203387289146
2019/07/14 13:21:35.481000,1101,0,35.48,59.3,1004.773671,1.4580645161290322,-72.0,24.99759,121.44226,18.36,9.918686906918554,3,9,0.1,0.0,0.1060573158795965
2019/07/14 13:21:36.473000,1101,1,35.46,59.5,1004.7525,1.4559139784946238,-72.0,0.0,0.0,0.0,13168.447369028745,0,9,0.0,0.0,0.0
2019/07/14 13:21:37.474000,1101,2,35.46,59.6,1004.785156,1.4516129032258065,-72.0,24.99759,121.44226,16.94,9.918686906918554,3,10,0.41,0.0,0.09785464249081433
2019/07/14 13:21:38.474000,1101,3,35.47,59.9,1004.7954679999999,1.4559139784946238,-72.0,24.9976,121.44227,15.0,9.917481169799391,3,9,0.15,0.0,0.08665870119982332
2019/07/14 13:21:39.475000,1101,4,35.46,60.2,1004.810625,1.4559139784946238,-71.0,24.9976,121.44227,13.22,9.917481169799391,3,9,0.19,0.0,0.07637521499261206
2019/07/14 13:21:40.474000,1101,5,35.46,60.8,1004.7738280000001,1.4473118279569892,-71.0,24.9976,121.44227,12.82,9.917481169799391,3,9,0.49,0.0,0.07406431851503117
2019/07/14 13:21:41.474000,1101,6,35.46,61.0,1004.777265,1.4537634408602151,-72.0,24.9976,121.44227,13.0,9.917481169799391,3,9,0.12,0.0,0.07510422196021174
2019/07/14 13:21:42.476000,1101,7,35.46,60.8,1004.76,1.4516129032258065,-72.0,24.9976,121.44227,13.28,9.917481169799391,3,9,0.61,0.0,0.07672184944300119
2019/07/14 13:21:43.474000,1101,8,35.45,61.2,1004.756406,1.4537634408602151,-74.0,24.9976,121.44227,13.09,9.917481169799391,3,9,0.07,0.0,0.07562417366428963
2019/07/14 13:21:44.475000,1101,9,35.45,61.0,1004.771718,1.4451612903225808,-76.0,24.9976,121.44227,12.47,9.917481169799391,3,10,0.3,0.0,0.07204228389922383
2019/07/14 13:21:45.473000,1101,10,35.46,61.1,1004.772109,1.4537634408602151,-77.0,24.9976,121.44227,10.93,9.917481169799391,3,10,0.06,0.0,0.06314532952558972
2019/07/14 13:21:46.476000,1101,11,35.45,61.6,1004.799218,1.4473118279569892,-77.0,24.9976,121.44227,10.27,9.917481169799391,3,9,0.54,0.0,0.0593323481225396
2019/07/14 13:21:47.473000,1101,12,35.45,61.7,1004.822265,1.4666666666666668,-83.0,24.9976,121.44227,11.3,9.917481169799391,3,9,0.12,0.0,0.06528290976661406
2019/07/14 13:21:48.474000,1101,13,35.46,61.6,1004.8375780000001,1.4537634408602151,-75.0,24.9976,121.44227,11.63,9.917481169799391,3,9,0.52,0.0,0.06718940009870972
2019/07/14 13:21:49.474000,1101,14,35.44,61.2,1004.697031,1.4537634408602151,-75.0,24.9976,121.44227,11.83,9.917481169799391,3,9,0.51,0.0,0.06834484871268738
2019/07/14 13:21:50.474000,1101,15,35.46,60.4,1004.7063280000001,1.4537634408602151,-76.0,24.9976,121.44227,11.48,9.917481169799391,3,9,0.9,0.0,0.06632281360231128
2019/07/14 13:21:51.474000,1101,16,35.48,60.1,1004.6867960000001,1.4537634408602151,-75.0,24.9976,121.44227,11.21,9.917481169799391,3,9,0.58,0.0,0.06476295783259382
2019/07/14 13:21:52.475000,1101,17,35.48,59.8,1004.704843,1.4516129032258065,-73.0,24.9976,121.44227,10.87,9.917481169799391,3,9,0.58,0.0,0.06279869487518981
2019/07/14 13:21:53.477000,1101,18,35.49,59.6,1004.6874210000001,1.4516129032258065,-71.0,24.99759,121.44227,9.67,9.917697182012057,3,10,2.43,0.0,0.05586478414797135
2019/07/14 13:21:54.473000,1101,19,35.49,59.4,1004.768281,1.4666666666666668,-72.0,24.9976,121.44227,8.74,9.917481169799391,3,9,2.82,0.0,0.050493161996732566
2019/07/14 13:21:55.474000,1101,20,35.5,59.3,1004.798125,1.4494623655913978,-71.0,24.9976,121.44227,10.76,9.917481169799391,3,9,0.74,0.0,0.062163198004202044
2019/07/14 13:21:56.473000,1101,21,35.49,58.8,1004.819062,1.4688172043010752,-77.0,24.9976,121.44226,11.29,9.918470916180336,3,10,1.8,0.0,0.06521862863646244
2019/07/14 13:21:57.473000,1101,22,35.47,58.4,1004.722812,1.4709677419354839,-80.0,24.9976,121.44225,16.54,9.91946066641083,3,9,1.83,0.0,0.0955365767091861
2019/07/14 13:21:58.474000,1101,23,35.49,58.1,1004.68,1.4731182795698925,-72.0,24.99761,121.44225,17.62,9.919244817368144,3,9,3.78,0.0,0.10177695900881711
2019/07/14 13:21:59.474000,1101,24,35.49,57.9,1004.804218,1.4666666666666668,-70.0,24.99762,121.44224,20.53,9.920018885531396,3,10,1.72,0.0,0.11857645510793954
2019/07/14 13:22:00.474000,1101,25,35.48,57.7,1004.719765,1.4731182795698925,-62.0,24.99761,121.44224,22.7,9.920234592896962,3,9,0.59,0.0,0.13110697259490542
2019/07/14 13:22:01.473000,1101,26,35.48,58.1,1004.66375,1.4645161290322581,-68.0,24.99762,121.44225,23.04,9.919029088558677,3,9,1.53,0.0,0.13308685497748068
2019/07/14 13:22:02.474000,1101,27,35.47,58.3,1004.741875,1.4709677419354839,-86.0,24.99762,121.44225,23.18,9.919029088558677,3,9,1.94,0.0,0.1338955395289556
2019/07/14 13:22:03.476000,1101,28,35.45,58.1,1004.6657030000001,1.4473118279569892,-72.0,24.99762,121.44225,25.19,9.919029088558677,3,9,1.04,0.0,0.1455059331216039
2019/07/14 13:22:04.474000,1101,29,35.45,58.3,1004.6621090000001,1.4645161290322581,-83.0,24.99761,121.44227,20.21,9.91726527783415,3,9,1.75,0.0,0.11676062589698717
2019/07/14 13:22:05.476000,1101,30,35.45,58.3,1004.630312,1.4795698924731182,-73.0,24.9976,121.44226,22.48,9.918470916180336,3,9,3.26,0.0,0.1298594237838885
2019/07/14 13:22:06.476000,1101,31,35.44,58.7,1004.740156,1.4817204301075269,-74.0,24.99759,121.44225,20.09,9.91967663567881,3,9,2.8,0.0,0.11603912898670701
2019/07/14 13:22:07.474000,1101,32,35.45,59.2,1004.762109,1.4666666666666668,-74.0,24.99758,121.44226,18.89,9.918903017885416,3,9,2.43,0.0,0.10911649852455636
2019/07/14 13:22:08.473000,1101,33,35.44,59.6,1004.565468,1.4645161290322581,-74.0,24.99758,121.44225,19.2,9.919892725164374,3,10,2.82,0.0,0.11089611787495668
2019/07/14 13:22:09.474000,1101,34,35.43,60.4,1004.5325780000001,1.4580645161290322,-64.0,24.99758,121.44224,19.78,9.920882436295111,3,9,1.89,0.0,0.11423469881453853
2019/07/14 13:22:10.474000,1101,35,35.43,60.1,1004.63375,1.4688172043010752,-73.0,24.99758,121.44225,19.16,9.919892725164374,3,9,1.41,0.0,0.1106650848712422
2019/07/14 13:22:11.680000,1101,36,35.42,59.5,1004.629062,1.4645161290322581,-65.0,24.99756,121.44225,19.34,9.920325264756482,3,9,5.29,0.0,0.11169986289447024
2019/07/14 13:22:12.475000,1101,37,35.42,59.3,1004.663281,1.4666666666666668,-73.0,24.99757,121.44227,17.29,9.918129567148506,3,9,0.5,0.0,0.09988204101935891
2019/07/14 13:22:13.477000,1101,38,35.4,59.0,1004.700625,1.4645161290322581,-72.0,24.99757,121.44226,17.68,9.919119249072926,3,9,2.9,0.0,0.10212482415004594
2019/07/14 13:22:14.473000,1101,39,35.41,58.5,1004.69625,1.4795698924731182,-72.0,24.99757,121.44226,18.5,9.919119249072926,3,10,1.78,0.0,0.10686137199544446
2019/07/14 13:22:15.475000,1101,40,35.41,58.9,1004.76375,1.4817204301075269,-70.0,24.99757,121.44225,20.07,9.920108934859531,3,9,0.39,0.0,0.11591855829678413
2019/07/14 13:22:16.475000,1101,41,35.42,58.9,1004.670625,1.4795698924731182,-72.0,24.99756,121.44224,21.04,9.92131493289988,3,9,2.27,0.0,0.12150621182157957
2019/07/14 13:22:17.474000,1101,42,35.42,59.3,1004.6933590000001,1.4795698924731182,-65.0,24.99756,121.44222,18.86,9.923294280772733,3,9,9.9,262.7,0.10889499695693282
2019/07/14 13:22:18.476000,1101,43,35.42,59.9,1004.679843,1.4795698924731182,-73.0,24.99756,121.44222,20.13,9.923294280772733,3,10,1.47,262.7,0.1162277794970006
2019/07/14 13:22:19.474000,1101,44,35.41,59.9,1004.741718,1.4774193548387098,-67.0,24.99756,121.44222,19.03,9.923294280772733,3,9,1.71,262.7,0.10987655073734397
2019/07/14 13:22:20.475000,1101,45,35.43,59.4,1004.726718,1.4774193548387098,-67.0,24.99754,121.4422,19.86,9.925706449377095,3,9,11.31,250.7,0.11464097476908232
2019/07/14 13:22:21.476000,1101,46,35.44,59.2,1004.74,1.4666666666666668,-70.0,24.99754,121.44221,18.19,9.924716808789679,3,9,0.43,250.7,0.10501146606448256
2019/07/14 13:22:22.476000,1101,47,35.45,59.4,1004.64914,1.4774193548387098,-71.0,24.99754,121.44221,18.3,9.924716808789679,3,10,2.24,250.7,0.10564649823401434
2019/07/14 13:22:23.475000,1101,48,35.46,59.2,1004.696093,1.4795698924731182,-68.0,24.99753,121.44221,17.17,9.9249334131409,3,10,1.56,250.7,0.09912082145699616
2019/07/14 13:22:24.475000,1101,49,35.48,59.0,1004.664843,1.4645161290322581,-65.0,24.99753,121.4422,18.81,9.925923032212841,3,10,0.6,250.7,0.10857754175995477
2019/07/14 13:22:25.473000,1101,50,35.47,59.3,1004.672343,1.4666666666666668,-74.0,24.99754,121.44221,19.44,9.924716808789679,3,9,1.41,250.7,0.11222773916119888
2019/07/14 13:22:26.475000,1101,51,35.49,59.6,1004.6644530000001,1.4752688172043011,-70.0,24.99753,121.4422,21.2,9.925923032212841,3,9,4.91,250.7,0.12237337270693184
2019/07/14 13:22:27.473000,1101,52,35.5,59.6,1004.6375,1.4774193548387098,-65.0,24.99752,121.44219,22.0,9.92712933658272,3,9,6.56,250.7,0.126975789573448
2019/07/14 13:22:28.476000,1101,53,35.51,59.5,1004.6160150000001,1.4666666666666668,-65.0,24.99752,121.44219,23.44,9.92712933658272,3,9,3.47,250.7,0.1352869022213501
2019/07/14 13:22:29.475000,1101,54,35.51,59.3,1004.678203,1.4645161290322581,-64.0,24.99749,121.44222,23.91,9.924811502718667,3,10,8.96,250.7,0.1380317840281903
2019/07/14 13:22:30.474000,1101,55,35.54,59.6,1004.647656,1.4623655913978495,-70.0,24.99749,121.44221,31.07,9.925801031728213,3,9,2.22,250.7,0.1793481502965015
2019/07/14 13:22:31.474000,1101,56,35.52,59.7,1004.678906,1.4666666666666668,-65.0,24.99749,121.44221,33.74,9.925801031728213,3,9,1.89,250.7,0.19476031697033916
2019/07/14 13:22:32.477000,1101,57,35.54,60.2,1004.679531,1.4752688172043011,-65.0,24.99749,121.44222,30.75,9.924811502718667,3,9,2.07,250.7,0.17751869463755668
2019/07/14 13:22:33.475000,1101,58,35.54,61.0,1004.688593,1.4774193548387098,-66.0,24.99749,121.44221,35.37,9.925801031728213,3,9,6.15,250.7,0.2041692289795872
2019/07/14 13:22:34.476000,1101,59,35.55,60.0,1004.707656,1.4752688172043011,-65.0,24.99751,121.44221,41.63,9.925366982213731,3,9,1.73,250.7,0.24031447083604246
2019/07/14 13:22:35.474000,1101,60,35.56,59.7,1004.74539,1.4774193548387098,-64.0,24.99753,121.44226,36.49,9.919985375873038,3,9,1.34,250.7,0.21075772650110258
2019/07/14 13:22:36.477000,1101,61,35.56,59.8,1004.73125,1.4774193548387098,-65.0,24.99754,121.44228,31.13,9.917789433017903,3,9,0.62,250.7,0.17983964782351466
2019/07/14 13:22:37.474000,1101,62,35.58,59.7,1004.7332030000001,1.4645161290322581,-68.0,24.99754,121.44227,32.66,9.918779046512805,3,10,0.38,250.7,0.18865965127946244
2019/07/14 13:22:38.476000,1101,63,35.56,59.7,1004.7139840000001,1.4645161290322581,-66.0,24.99754,121.44227,30.95,9.918779046512805,3,9,0.9,250.7,0.1787819460804525
2019/07/14 13:22:39.476000,1101,64,35.58,59.7,1004.662656,1.4752688172043011,-72.0,24.99755,121.44226,33.18,9.919552072078714,3,9,0.45,250.7,0.19164845957511062
2019/07/14 13:22:40.476000,1101,65,35.59,60.2,1004.7125,1.4774193548387098,-62.0,24.99755,121.44226,34.81,9.919552072078714,3,9,1.62,250.7,0.201063302388357
2019/07/14 13:22:41.473000,1101,66,35.57,59.6,1004.6275780000001,1.4623655913978495,-63.0,24.99756,121.44227,36.28,9.918345940056495,3,9,2.65,250.7,0.20957946238333922
2019/07/14 13:22:42.475000,1101,67,35.58,59.3,1004.641875,1.4602150537634409,-63.0,24.99756,121.44226,37.4,9.91933560047329,3,9,0.31,250.7,0.21602777503058293
2019/07/14 13:22:43.474000,1101,68,35.57,59.2,1004.641406,1.4731182795698925,-65.0,24.99756,121.44226,39.63,9.91933560047329,3,9,1.26,250.7,0.22890844231105925
2019/07/14 13:22:44.474000,1101,69,35.58,59.4,1004.602656,1.4752688172043011,-66.0,24.99756,121.44225,38.7,9.920325264756482,3,9,4.2,250.7,0.22351438686707883
2019/07/14 13:22:45.476000,1101,70,35.56,59.4,1004.617968,1.4602150537634409,-63.0,24.99756,121.44224,39.47,9.92131493289988,3,10,1.77,250.7,0.22793878655545396
2019/07/14 13:22:46.476000,1101,71,35.55,59.5,1004.648125,1.4645161290322581,-59.0,24.99757,121.44223,40.54,9.922088318004587,3,9,3.61,250.7,0.23409970781073167
2019/07/14 13:22:47.475000,1101,72,35.52,59.4,1004.623515,1.4752688172043011,-58.0,24.99758,121.44223,41.72,9.921872151281507,3,9,1.89,250.7,0.24091883034410375
2019/07/14 13:22:48.476000,1101,73,35.51,58.9,1004.678906,1.4774193548387098,-58.0,24.99758,121.44223,41.91,9.921872151281507,3,9,0.74,250.7,0.24201600279206473
2019/07/14 13:22:49.474000,1101,74,35.49,59.1,1004.6292179999999,1.4774193548387098,-60.0,24.99759,121.44222,43.35,9.922645845050443,3,10,2.26,250.7,0.25031189047749836
2019/07/14 13:22:50.473000,1101,75,35.47,59.7,1004.6571090000001,1.4752688172043011,-55.0,24.99759,121.4422,47.72,9.924625337200776,3,9,1.31,250.7,0.27548984825931405
2019/07/14 13:22:51.476000,1101,76,35.46,59.7,1004.6298429999999,1.4752688172043011,-63.0,24.99759,121.4422,48.23,9.924625337200776,3,9,1.41,250.7,0.2784340566064106
2019/07/14 13:22:52.474000,1101,77,35.45,59.1,1004.661953,1.4731182795698925,-67.0,24.99759,121.44222,46.66,9.922645845050443,3,9,2.23,250.7,0.269424245196319
2019/07/14 13:22:53.473000,1101,78,35.44,59.4,1004.608828,1.4752688172043011,-73.0,24.9976,121.44221,47.09,9.923419705772503,3,9,1.34,250.7,0.27188591087444813
2019/07/14 13:22:54.473000,1101,79,35.43,59.6,1004.6452340000001,1.4645161290322581,-73.0,24.99759,121.44221,47.1,9.923635589201611,3,10,1.76,250.7,0.27193773161140994
2019/07/14 13:23:03.474000,1101,88,35.37,60.6,1004.633125,1.4580645161290322,-79.0,24.99761,121.4422,45.26,9.92419373341098,3,9,0.43,250.7,0.261299715835902
2019/07/14 13:23:04.475000,1101,89,35.36,61.1,1004.652421,1.4731182795698925,-74.0,24.99759,121.44219,49.03,9.925615089044268,3,9,0.24,250.7,0.28302419501422926
2019/07/14 13:23:05.474000,1101,90,35.37,61.5,1004.666875,1.4731182795698925,-75.0,24.99758,121.44217,49.23,9.927810522041273,3,10,2.55,250.7,0.28411582792758966
2019/07/14 13:23:06.475000,1101,91,35.36,61.8,1004.659531,1.4580645161290322,-71.0,24.99758,121.44218,50.58,9.926820783962732,3,9,1.36,250.7,0.2919359089693781
2019/07/14 13:23:07.474000,1101,92,35.37,61.5,1004.648125,1.4602150537634409,-72.0,24.99758,121.44218,49.73,9.926820783962732,3,9,0.77,250.7,0.2870299909092897
2019/07/14 13:23:08.474000,1101,93,35.39,60.6,1004.634765,1.4731182795698925,-73.0,24.99757,121.44218,48.69,9.927036843329283,3,9,0.71,250.7,0.2810213337622169
2019/07/14 13:23:09.475000,1101,94,35.39,59.8,1004.6538280000001,1.4709677419354839,-71.0,24.99758,121.44218,50.25,9.926820783962732,3,9,1.39,250.7,0.2900312589328032
2019/07/14 13:23:10.474000,1101,95,35.39,58.7,1004.629062,1.4731182795698925,-70.0,24.99758,121.44218,48.92,9.926820783962732,3,9,0.85,250.7,0.2823549356640377
2019/07/14 13:23:11.476000,1101,96,35.39,58.4,1004.6299210000001,1.4731182795698925,-71.0,24.99758,121.44219,47.94,9.925831049730428,3,9,0.68,250.7,0.2767262809873493
2019/07/14 13:23:20.474000,1101,105,35.23,59.2,1004.716562,1.4559139784946238,-63.0,24.99761,121.4423,41.4,9.914295997367082,3,9,1.45,250.7,0.23925364799824428
2019/07/14 13:23:21.473000,1101,106,35.22,59.0,1004.72875,1.4709677419354839,-63.0,24.99762,121.4423,39.62,9.914080161274995,3,9,4.71,250.7,0.22897199363768891
2019/07/14 13:23:22.474000,1101,107,35.21,59.2,1004.709062,1.4688172043010752,-60.0,24.99762,121.44228,39.29,9.916059720667379,3,9,2.73,250.7,0.22701954808114072
2019/07/14 13:23:23.476000,1101,108,35.19,59.0,1004.6428119999999,1.4731182795698925,-55.0,24.99761,121.44228,37.91,9.916275513833794,3,9,1.65,250.7,0.2190411527450073
2019/07/14 13:23:24.475000,1101,109,35.18,58.9,1004.644531,1.4709677419354839,-63.0,24.99762,121.44228,38.13,9.916059720667379,3,10,1.72,250.7,0.22031707823034022
2019/07/14 13:23:25.474000,1101,110,35.19,58.9,1004.678906,1.4709677419354839,-60.0,24.99761,121.44224,34.38,9.920234592896962,3,9,2.78,250.7,0.1985659708888384
2019/07/14 13:23:26.476000,1101,111,35.19,58.7,1004.630546,1.4709677419354839,-59.0,24.99761,121.44225,29.61,9.919244817368144,3,9,4.21,250.7,0.17103348324102902
2019/07/14 13:23:27.489000,1101,112,35.22,58.8,1004.635937,1.4666666666666668,-61.0,24.99761,121.44223,35.78,9.92122437226882,3,9,3.41,250.7,0.20663116026559117
2019/07/14 13:23:28.476000,1101,113,35.25,58.7,1004.623125,1.4580645161290322,-66.0,24.99761,121.44224,27.0,9.920234592896962,3,9,6.1,250.7,0.15594210121866312
2019/07/14 13:23:29.476000,1101,114,35.25,58.7,1004.646093,1.4580645161290322,-57.0,24.99762,121.44222,24.3,9.921998490987162,3,9,2.08,250.7,0.14032300647355628
2019/07/14 13:23:30.474000,1101,115,35.26,58.7,1004.6289840000001,1.4688172043010752,-60.0,24.99762,121.44222,24.55,9.921998490987162,3,9,4.97,301.64,0.14176665294138255
2019/07/14 13:23:31.474000,1101,116,35.26,58.8,1004.595468,1.4709677419354839,-56.0,24.99763,121.44222,26.9,9.921782946704738,3,10,3.85,301.64,0.15534029526655113
2019/07/14 13:23:32.474000,1101,117,35.25,59.1,1004.611093,1.4559139784946238,-61.0,24.99764,121.44221,22.87,9.922557373945592,3,9,5.73,301.64,0.13205790682217652
2019/07/14 13:23:33.474000,1101,118,35.22,59.0,1004.679609,1.4580645161290322,-58.0,24.99764,121.4422,22.15,9.92354722908023,3,10,4.39,301.64,0.1278876775937193
2019/07/14 13:23:34.474000,1101,119,35.23,59.3,1004.713671,1.4709677419354839,-56.0,24.99766,121.44218,25.09,9.925096634451092,3,9,8.38,316.21,0.14483970269899668
2019/07/14 13:23:35.476000,1101,120,35.21,59.1,1004.7050780000001,1.4688172043010752,-58.0,24.99768,121.44218,21.35,9.924666798866086,3,9,8.15,343.11,0.1232548185685534
2019/07/14 13:23:36.475000,1101,121,35.19,58.6,1004.5857030000001,1.4537634408602151,-54.0,24.99769,121.44218,29.97,9.924452061385422,3,9,4.42,340.78,0.173022075342669
2019/07/14 13:23:37.473000,1101,122,35.17,58.6,1004.724453,1.4580645161290322,-51.0,24.9977,121.44218,27.18,9.92423744412317,3,9,2.37,340.78,0.15691839320797873
2019/07/14 13:23:43.472000,1101,128,34.99,59.6,1004.65664,1.4688172043010752,-49.0,24.99773,121.44219,22.94,9.922604258875188,3,9,3.15,357.55,0.13246147947171
2019/07/14 13:23:44.474000,1101,129,34.97,59.4,1004.673906,1.4688172043010752,-50.0,24.99773,121.44217,24.8,9.9245843723567,3,9,8.4,241.36,0.14317298549504548
2019/07/14 13:23:45.475000,1101,130,34.96,59.4,1004.649531,1.4559139784946238,-57.0,24.99773,121.44218,21.01,9.923594313724243,3,9,3.51,241.36,0.12130509278086102
2019/07/14 13:24:02.472000,1101,147,35.04,58.9,1004.514531,1.4623655913978495,-54.0,24.99767,121.44217,7.62,9.925871587266764,3,9,1.5,241.36,0.043985432441123164
2019/07/14 13:24:03.474000,1101,148,35.05,59.2,1004.486875,1.4580645161290322,-55.0,24.99764,121.44217,9.51,9.926516817414546,3,10,2.35,241.36,0.05489163081942154
2019/07/14 13:24:04.474000,1101,149,35.07,59.0,1004.483125,1.4516129032258065,-57.0,24.99764,121.44217,9.97,9.926516817414546,3,9,1.81,241.36,0.0575467447613203
2019/07/14 13:24:05.475000,1101,150,35.1,59.1,1004.471093,1.4580645161290322,-52.0,24.99764,121.44216,10.38,9.927506687835665,3,9,0.79,241.36,0.0599072852146902
2019/07/14 13:24:06.474000,1101,151,35.12,59.2,1004.467265,1.4516129032258065,-52.0,24.99764,121.44217,6.86,9.926516817414546,3,9,2.14,241.36,0.039595861480658544
2019/07/14 13:24:07.473000,1101,152,35.15,59.5,1004.512968,1.4580645161290322,-57.0,24.99766,121.44215,7.22,9.928066373940526,3,9,3.19,237.01,0.04166727332163065
2019/07/14 13:24:08.474000,1101,153,35.19,59.4,1004.514531,1.4602150537634409,-52.0,24.99765,121.44215,5.58,9.9282814079311,3,10,2.39,237.01,0.032201989738564016
2019/07/14 13:24:09.474000,1101,154,35.23,59.4,1004.5308590000001,1.4623655913978495,-62.0,24.99765,121.44215,6.42,9.9282814079311,3,9,2.52,237.01,0.037049599834141383
2019/07/14 13:24:10.474000,1101,155,35.23,59.6,1004.549531,1.4494623655913978,-50.0,24.99765,121.44215,12.39,9.9282814079311,3,9,1.72,237.01,0.07150223794776664
2019/07/14 13:24:11.475000,1101,156,35.25,59.6,1004.515,1.4559139784946238,-54.0,24.99765,121.44214,14.99,9.929271307354858,3,10,2.19,237.01,0.08649809798019409
2019/07/14 13:24:12.476000,1101,157,35.32,59.7,1004.467109,1.4602150537634409,-52.0,24.99766,121.44214,14.83,9.929056294722008,3,9,0.25,237.01,0.08557669058528321
2019/07/14 13:24:13.474000,1101,158,35.36,60.3,1004.492031,1.4602150537634409,-65.0,24.99765,121.44214,12.79,9.929271307354858,3,9,2.8,237.01,0.07380326229260871
2019/07/14 13:24:14.476000,1101,159,35.41,60.7,1004.500156,1.4473118279569892,-58.0,24.99766,121.44214,13.39,9.929056294722008,3,9,4.18,237.01,0.07726716415225
2019/07/14 13:24:15.475000,1101,160,35.46,59.8,1004.4946090000001,1.4559139784946238,-58.0,24.99766,121.44213,13.5,9.930046219311595,3,9,1.21,237.01,0.07789415374341566
2019/07/14 13:24:16.475000,1101,161,35.49,59.6,1004.5101559999999,1.4580645161290322,-62.0,24.99767,121.44213,18.04,9.929831348171989,3,9,1.23,237.01,0.10409187115083517
2019/07/14 13:24:17.474000,1101,162,35.51,58.6,1004.547031,1.4623655913978495,-59.0,24.99767,121.44212,20.76,9.930821297906853,3,9,1.26,237.01,0.11977444909696115
2019/07/14 13:24:18.473000,1101,163,35.58,58.0,1004.452812,1.4516129032258065,-50.0,24.99767,121.44213,21.23,9.929831348171989,3,9,2.21,237.01,0.12249830868460168
2019/07/14 13:24:19.473000,1101,164,35.63,57.8,1004.508671,1.4473118279569892,-57.0,24.99767,121.44212,21.65,9.930821297906853,3,9,2.37,237.01,0.12490927226073269
2019/07/14 13:24:24.474000,1101,169,35.84,58.9,1004.4992179999999,1.4473118279569892,-56.0,24.99767,121.44212,27.89,9.930821297906853,3,9,1.38,237.01,0.16091066805776819
2019/07/14 13:24:25.473000,1101,170,35.88,58.5,1004.4494530000001,1.4580645161290322,-55.0,24.99767,121.44212,29.58,9.930821297906853,3,10,1.93,237.01,0.17066102540921205
2019/07/14 13:24:26.476000,1101,171,35.91,57.8,1004.448593,1.4602150537634409,-59.0,24.99768,121.44212,33.4,9.930606568241927,3,9,0.52,237.01,0.19270442412119335
2019/07/14 13:24:27.476000,1101,172,35.95,58.5,1004.513437,1.4623655913978495,-52.0,24.99768,121.44211,35.6,9.931596543104035,3,10,2.34,237.01,0.20537695081231438
2019/07/14 13:24:28.477000,1101,173,36.0,58.6,1004.5275780000001,1.4494623655913978,-52.0,24.99768,121.44211,34.01,9.931596543104035,3,9,2.23,237.01,0.19620428959741743
2019/07/14 13:24:29.474000,1101,174,36.07,58.7,1004.592656,1.4451612903225808,-56.0,24.99769,121.44211,34.67,9.931381954895237,3,9,1.45,237.01,0.2000161322318203
2019/07/14 13:24:30.474000,1101,175,36.16,59.6,1004.544843,1.4623655913978495,-56.0,24.99768,121.44211,32.01,9.931596543104035,3,9,1.23,237.01,0.18466633673780464
2019/07/14 13:24:31.474000,1101,176,36.21,60.9,1004.5335150000001,1.4623655913978495,-55.0,24.99768,121.4421,34.25,9.93258652176248,3,9,2.72,237.01,0.19756914941037254
2019/07/14 13:24:32.476000,1101,177,36.26,60.3,1004.558125,1.4473118279569892,-52.0,24.99768,121.4421,33.24,9.93258652176248,3,9,1.71,237.01,0.19174306682874204
2019/07/14 13:24:33.473000,1101,178,36.34,59.4,1004.620625,1.4494623655913978,-56.0,24.99768,121.4421,34.56,9.93258652176248,3,9,0.82,237.01,0.1993573521611657
2019/07/14 13:24:34.476000,1101,179,36.37,57.6,1004.532343,1.4580645161290322,-57.0,24.99767,121.44209,37.63,9.933791169921841,3,9,2.26,237.01,0.2170399833807989
2019/07/14 13:24:35.474000,1101,180,36.4,57.5,1004.4975780000001,1.4602150537634409,-57.0,24.99767,121.4421,32.71,9.932801208785433,3,9,0.42,237.01,0.18868173576371125
2019/07/14 13:24:36.473000,1101,181,36.45,57.8,1004.611093,1.4473118279569892,-56.0,24.99767,121.4421,33.24,9.932801208785433,3,9,0.98,237.01,0.19173892253550712
2019/07/14 13:24:37.474000,1101,182,36.49,56.8,1004.556406,1.4494623655913978,-57.0,24.99767,121.4421,32.12,9.932801208785433,3,9,1.57,237.01,0.1852784511132997
2019/07/14 13:24:38.474000,1101,183,36.53,56.1,1004.5364059999999,1.4494623655913978,-54.0,24.99767,121.4421,31.91,9.932801208785433,3,9,0.28,237.01,0.18406711219218366
2019/07/14 13:24:39.473000,1101,184,36.56,56.2,1004.5557030000001,1.4602150537634409,-56.0,24.99767,121.4421,34.28,9.932801208785433,3,9,1.14,237.01,0.1977379273511548
2019/07/14 13:24:40.475000,1101,185,36.63,56.1,1004.538281,1.4580645161290322,-58.0,24.99768,121.4421,34.02,9.93258652176248,3,10,1.95,237.01,0.1962424180882917
2019/07/14 13:24:41.473000,1101,186,36.66,55.3,1004.551953,1.4602150537634409,-56.0,24.99768,121.4421,34.2,9.93258652176248,3,9,0.57,237.01,0.19728072957572024
2019/07/14 13:24:42.473000,1101,187,36.7,54.8,1004.519687,1.4559139784946238,-57.0,24.99768,121.4421,34.92,9.93258652176248,3,9,1.57,237.01,0.20143397422284945
2019/07/14 13:24:43.473000,1101,188,36.73,54.5,1004.5207809999999,1.4602150537634409,-54.0,24.99768,121.4421,34.08,9.93258652176248,3,9,1.88,237.01,0.1965885219317898
2019/07/14 13:24:44.474000,1101,189,36.76,55.1,1004.56164,1.4602150537634409,-55.0,24.99768,121.44209,34.06,9.933576504213608,3,9,2.78,237.01,0.19645357358065194
2019/07/14 13:24:45.475000,1101,190,36.81,55.3,1004.5360929999999,1.4473118279569892,-57.0,24.99769,121.44209,33.32,9.933361958616322,3,9,2.86,237.01,0.19218953474156075
2019/07/14 13:24:46.474000,1101,191,36.85,56.3,1004.552968,1.4451612903225808,-51.0,24.99768,121.44208,37.17,9.934566490458806,3,10,0.75,237.01,0.2143701176127591
2019/07/14 13:24:47.474000,1101,192,36.88,56.5,1004.564843,1.4602150537634409,-55.0,24.99769,121.44209,35.27,9.933361958616322,3,9,0.92,237.01,0.20343702963925386
2019/07/14 13:24:48.473000,1101,193,36.94,55.8,1004.556562,1.4559139784946238,-56.0,24.99769,121.44209,34.73,9.933361958616322,3,9,1.98,237.01,0.2003223402773572
2019/07/14 13:24:49.472000,1101,194,36.99,56.5,1004.565859,1.4473118279569892,-55.0,24.99769,121.44209,33.99,9.933361958616322,3,9,0.54,237.01,0.1960540603436398
2019/07/14 13:24:50.473000,1101,195,37.03,56.8,1004.5570309999999,1.4473118279569892,-56.0,24.99768,121.44209,31.83,9.933576504213608,3,9,4.73,237.01,0.1835913197535308
2019/07/14 13:24:51.473000,1101,196,37.06,56.7,1004.633437,1.4580645161290322,-52.0,24.99768,121.44209,27.27,9.933576504213608,3,9,1.21,237.01,0.1572899732159798
2019/07/14 13:24:52.473000,1101,197,37.1,55.1,1004.57789,1.4602150537634409,-54.0,24.99768,121.44209,26.54,9.933576504213608,3,9,2.51,237.01,0.1530794441906531
2019/07/14 13:24:53.474000,1101,198,37.13,54.3,1004.594062,1.4473118279569892,-54.0,24.99769,121.44207,34.24,9.935341977494476,3,9,3.05,237.01,0.19745668828699173
2019/07/14 13:24:54.473000,1101,199,37.18,53.9,1004.61125,1.4473118279569892,-54.0,24.9977,121.44206,35.26,9.9361176309925,3,9,1.25,237.01,0.20332294567677617
2019/07/14 13:24:55.473000,1101,200,37.22,53.3,1004.6221869999999,1.4473118279569892,-56.0,24.99771,121.44207,37.21,9.934913331787357,3,9,5.22,237.01,0.21459331506496124
2019/07/14 13:24:56.473000,1101,201,37.26,53.2,1004.584062,1.4580645161290322,-56.0,24.99771,121.44207,41.45,9.934913331787357,3,9,0.62,237.01,0.2390454955896531
2019/07/14 13:24:57.473000,1101,202,37.29,53.0,1004.61875,1.4537634408602151,-54.0,24.99771,121.44207,39.62,9.934913331787357,3,9,1.25,237.01,0.22849185236237618
2019/07/14 13:24:58.476000,1101,203,37.32,52.8,1004.5771090000001,1.4559139784946238,-54.0,24.99771,121.44207,40.09,9.934913331787357,3,9,0.34,237.01,0.23120235240446838
2019/07/14 13:25:07.474000,1101,212,37.28,52.4,1001.4475,1.4580645161290322,-65.0,24.99792,121.44218,50.76,9.919546295340462,3,9,28.2,318.62,0.2931896577297545
2019/07/14 13:25:08.473000,1101,213,37.26,52.4,1001.2438280000001,1.4559139784946238,-88.0,24.99779,121.44212,33.57,9.92825247315467,3,8,38.04,199.79,0.19373117206752294
2019/07/14 13:25:09.473000,1101,214,37.21,52.5,1000.442578,1.4408602150537635,-62.0,24.99783,121.44213,26.68,9.926409755280968,3,9,12.6,199.79,0.1539980470319102
2019/07/14 13:25:10.473000,1101,215,37.17,52.5,999.594531,1.4430107526881721,-76.0,24.99795,121.44218,46.47,9.918911106276102,3,9,38.36,34.69,0.268428193941073
2019/07/14 13:25:11.473000,1101,216,37.11,52.6,998.705234,1.4430107526881721,-72.0,24.99804,121.44221,53.84,9.914039924906662,3,9,37.7,23.72,0.3111521102276448
2019/07/14 13:25:12.475000,1101,217,37.03,52.7,997.990937,1.4559139784946238,-75.0,24.99795,121.44226,53.54,9.910987045130064,3,9,25.28,38.07,0.3095136923719621
2019/07/14 13:25:13.473000,1101,218,36.95,52.8,997.1385150000001,1.4451612903225808,-72.0,24.99785,121.44232,8.18,9.907168623249653,3,9,14.79,38.07,0.04730709526979288
2019/07/14 13:25:14.476000,1101,219,36.88,52.9,996.260625,1.4451612903225808,-75.0,24.9978,121.44239,0.0,9.901304399349797,3,9,4.6,38.07,0.0
2019/07/14 13:25:15.472000,1101,220,36.8,53.0,994.9759369999999,1.4408602150537635,-67.0,24.99753,121.4425,0.0,9.89623614858188,3,10,24.38,165.9,0.0
2019/07/14 13:25:16.473000,1101,221,36.69,53.2,994.057578,1.4580645161290322,-75.0,24.99766,121.44292,0.0,9.851854000198397,3,9,94.48,70.19,0.0
2019/07/14 13:25:17.474000,1101,222,36.62,53.2,993.231484,1.4537634408602151,-79.0,24.99753,121.4431,0.0,9.836872955415233,3,9,24.17,70.19,0.0
2019/07/14 13:25:18.476000,1101,223,36.54,53.4,992.787968,1.4580645161290322,-80.0,24.99749,121.4431,0.0,9.837748311507786,3,9,8.9,70.19,0.0
2019/07/14 13:25:19.479000,1101,224,36.44,53.6,992.044687,1.4516129032258065,-72.0,24.99751,121.44302,0.0,9.845224312019601,3,9,17.72,15.84,0.0
2019/07/14 13:25:20.476000,1101,225,36.34,53.8,991.0882809999999,1.4559139784946238,-73.0,24.99756,121.44301,0.0,9.845121873304207,3,9,20.17,62.1,0.0
2019/07/14 13:25:21.473000,1101,226,36.24,54.1,990.170625,1.4451612903225808,-75.0,24.99761,121.44305,0.0,9.840075320883486,3,9,40.73,89.11,0.0
2019/07/14 13:25:22.472000,1101,227,36.14,54.3,989.144296,1.4537634408602151,-87.0,24.99767,121.44319,0.0,9.824918469907983,3,9,61.2,86.98,0.0
2019/07/14 13:25:23.472000,1101,228,36.03,54.6,988.513281,1.4387096774193548,-77.0,24.99773,121.44335,0.0,9.807783876187404,3,10,70.93,78.37,0.0
2019/07/14 13:25:24.472000,1101,229,35.9,54.8,986.992031,1.4387096774193548,-73.0,24.99778,121.44346,0.0,9.795815185929728,3,9,46.58,74.82,0.0
2019/07/14 13:25:25.471000,1101,230,35.8,55.0,985.872656,1.4430107526881721,-78.0,24.99784,121.44353,0.0,9.787590769377413,3,9,35.22,67.26,0.0
2019/07/14 13:25:26.472000,1101,231,35.69,55.3,985.2985150000001,1.4516129032258065,-73.0,24.99792,121.44356,0.0,9.782898686825968,3,9,10.17,67.26,0.0
2019/07/14 13:25:27.473000,1101,232,35.58,55.5,984.5803119999999,1.4516129032258065,-88.0,24.99797,121.44355,0.0,9.782815963419637,3,9,8.93,67.26,0.0
2019/07/14 13:25:28.475000,1101,233,35.46,55.8,983.828281,1.4387096774193548,-74.0,24.99802,121.44351,0.0,9.785707009308895,3,9,15.25,67.26,0.0
2019/07/14 13:25:29.472000,1101,234,35.35,56.0,983.564218,1.4408602150537635,-81.0,24.99801,121.44352,0.0,9.784930452826051,3,9,22.24,75.58,0.0
2019/07/14 13:25:30.472000,1101,235,35.26,56.3,982.976093,1.4365591397849462,-77.0,24.99798,121.44355,0.0,9.782601796802501,3,9,30.0,140.03,0.0
2019/07/14 13:25:31.473000,1101,236,35.16,56.5,982.4188280000001,1.4494623655913978,-79.0,24.99795,121.44364,0.0,9.774334764143294,3,10,39.17,115.06,0.0
2019/07/14 13:25:32.471000,1101,237,35.07,56.8,981.8021090000001,1.4365591397849462,-86.0,24.99794,121.44374,0.0,9.764650187807893,3,9,43.25,96.55,0.0
2019/07/14 13:25:33.472000,1101,238,34.99,57.1,981.278046,1.4408602150537635,-78.0,24.99795,121.44383,0.0,9.755526005895312,3,9,48.53,92.55,0.0
2019/07/14 13:25:34.472000,1101,239,34.92,57.4,980.763125,1.4365591397849462,-78.0,24.99798,121.44393,0.0,9.744981883475486,3,10,39.29,70.83,0.0
2019/07/14 13:25:35.472000,1101,240,34.83,57.5,980.15664,1.4408602150537635,-81.0,24.99804,121.44399,0.0,9.737754254547946,3,10,34.5,47.07,0.0
2019/07/14 13:25:36.472000,1101,241,34.75,57.7,979.712031,1.4365591397849462,-83.0,24.99811,121.44403,1.36,9.732296283043308,3,9,28.34,43.24,0.008006564675424776
2019/07/14 13:25:37.474000,1101,242,34.63,58.0,978.791328,1.4408602150537635,-78.0,24.99814,121.44406,12.62,9.728685494497377,3,10,18.65,43.7,0.07432374417793051
2019/07/14 13:25:38.472000,1101,243,34.54,58.2,978.0122650000001,1.4365591397849462,-78.0,24.99817,121.44409,29.04,9.725075455438546,3,9,17.18,65.89,0.171090136962616
2019/07/14 13:25:39.473000,1101,244,34.41,58.5,976.973203,1.4387096774193548,-88.0,24.9982,121.44414,46.18,9.719485518398962,3,9,21.32,69.01,0.27222625960292823
2019/07/14 13:25:40.473000,1101,245,34.3,58.8,976.265703,1.4344086021505378,-86.0,24.99824,121.44419,69.09,9.713683770323982,3,10,27.46,66.27,0.4075177602971955
2019/07/14 13:25:41.476000,1101,246,34.21,59.1,975.506093,1.4408602150537635,-81.0,24.99829,121.44426,75.34,9.705690419173111,3,9,30.53,53.62,0.44474706527558305
2019/07/14 13:25:42.472000,1101,247,34.1,59.3,974.85414,1.4365591397849462,-83.0,24.99832,121.4443,89.14,9.701093353760363,3,9,19.74,58.14,0.5264563350492976
2019/07/14 13:25:43.473000,1101,248,34.04,59.6,974.486718,1.4494623655913978,-84.0,24.99835,121.44433,113.48,9.697487510049564,3,9,14.55,68.65,0.6704446169694711
2019/07/14 13:25:44.474000,1101,249,33.99,59.8,973.897031,1.4473118279569892,-97.0,24.99834,121.44438,124.45,9.692746119075032,3,9,19.02,89.66,0.7356086589212594
2019/07/14 13:25:45.473000,1101,250,33.94,60.0,973.2125,1.4344086021505378,-84.0,24.99835,121.44445,134.41,9.685600923014567,3,10,31.55,77.98,0.7950597472544502
2019/07/14 13:25:46.474000,1101,251,33.87,60.2,972.714843,1.4344086021505378,-80.0,24.99838,121.44452,154.2,9.678032907993316,3,9,38.05,72.37,0.9128158355929286
2019/07/14 13:25:47.474000,1101,252,33.81,60.2,971.83375,1.4387096774193548,-92.0,24.99842,121.44462,166.81,9.667282420111922,3,9,44.46,69.39,0.9885467484847801
2019/07/14 13:25:48.475000,1101,253,33.72,60.4,971.110312,1.4387096774193548,-91.0,24.99845,121.44472,185.19,9.65674335659939,3,9,42.77,72.52,1.0986421153505959
2019/07/14 13:25:49.473000,1101,254,33.66,60.6,970.376718,1.4430107526881721,-82.0,24.99848,121.44483,198.89,9.645213825351595,3,9,41.18,76.03,1.1813053647207215
2019/07/14 13:25:50.474000,1101,255,33.59,60.8,969.443593,1.4494623655913978,-80.0,24.9985,121.4449,213.51,9.637857779555675,3,9,27.62,81.34,1.269080902816051
2019/07/14 13:25:51.473000,1101,256,33.5,60.9,968.588437,1.4451612903225808,-81.0,24.99851,121.44495,228.78,9.632693757202667,3,9,19.07,79.61,1.3605399407499654
2019/07/14 13:25:52.474000,1101,257,33.41,61.0,967.987187,1.4365591397849462,-92.0,24.99854,121.44499,242.12,9.628099531949617,3,9,17.52,53.15,1.4405263431264406
2019/07/14 13:25:53.472000,1101,258,33.36,61.2,967.2571869999999,1.4344086021505378,-89.0,24.99858,121.44504,251.38,9.622305190962843,3,9,25.42,49.1,1.4964956338300661
2019/07/14 13:25:54.475000,1101,259,33.26,61.4,966.648437,1.4473118279569892,-84.0,24.99865,121.44509,267.37,9.615883997083987,3,10,29.14,37.36,1.592700842723312
2019/07/14 13:25:55.473000,1101,260,33.2,61.6,966.018906,1.4451612903225808,-80.0,24.99871,121.44515,268.84,9.608684914658967,3,9,32.61,40.12,1.6026521885427256
2019/07/14 13:25:56.473000,1101,261,33.12,61.8,965.6711710000001,1.4387096774193548,-91.0,24.99877,121.4452,274.11,9.602480048546642,3,9,27.35,34.98,1.6351069975616308
2019/07/14 13:25:57.475000,1101,262,33.05,62.0,964.803593,1.4451612903225808,-91.0,24.99885,121.44522,289.48,9.598838096819861,3,9,32.13,17.42,1.727392059857409
2019/07/14 13:25:58.473000,1101,263,32.97,62.2,964.2732030000001,1.4430107526881721,-91.0,24.99892,121.44524,300.89,9.595409521869874,3,9,31.55,23.13,1.7960754827838943
2019/07/14 13:25:59.474000,1101,264,32.9,62.4,963.453281,1.4430107526881721,-91.0,24.99899,121.44527,302.76,9.590994886344731,3,9,26.8,9.53,1.8080618228450644
2019/07/14 13:26:00.473000,1101,265,32.82,62.5,962.993281,1.4430107526881721,-93.0,24.99905,121.44527,316.86,9.589765216501704,3,10,26.47,12.29,1.8924486537512828
2019/07/14 13:26:01.473000,1101,266,32.74,62.7,962.464531,1.4473118279569892,-90.0,24.99912,121.44529,321.33,9.586352561564702,3,10,23.8,4.34,1.919808616772531
2019/07/14 13:26:02.474000,1101,267,32.65,62.7,961.961406,1.4322580645161291,-89.0,24.99919,121.44529,331.86,9.584929455145378,3,9,29.16,9.08,1.9829655639257056
2019/07/14 13:26:03.475000,1101,268,32.56,62.9,961.260468,1.4344086021505378,-86.0,24.99926,121.44531,333.18,9.581528180559413,3,9,31.48,10.11,1.9915527821198729
2019/07/14 13:26:04.474000,1101,269,32.48,63.4,960.873125,1.4301075268817205,-88.0,24.99934,121.44535,338.92,9.575946733902164,3,9,32.93,24.74,2.0270145528052184
2019/07/14 13:26:05.475000,1101,270,32.4,63.7,959.852421,1.4473118279569892,-94.0,24.99942,121.4454,345.75,9.569379579961046,3,9,38.53,34.48,2.0692461916184755
2019/07/14 13:26:06.476000,1101,271,32.34,64.0,959.170937,1.4430107526881721,-89.0,24.9995,121.44546,361.18,9.561826286265154,3,10,37.1,39.52,2.1632118462265955
2019/07/14 13:26:07.473000,1101,272,32.27,64.1,958.541718,1.4451612903225808,-84.0,24.99954,121.44551,373.63,9.556066638057233,3,10,28.27,54.58,2.2390513088352053
2019/07/14 13:26:08.473000,1101,273,32.2,64.3,957.8432809999999,1.4322580645161291,-104.0,24.99959,121.44559,380.54,9.547131581408001,3,8,32.94,59.07,2.2825494842225824
2019/07/14 13:26:09.473000,1101,274,32.15,64.5,957.1817179999999,1.4473118279569892,-89.0,24.99962,121.44564,390.6,9.54157281448983,3,9,21.43,57.37,2.3441882257620263
2019/07/14 13:26:10.475000,1101,275,32.1,64.5,956.3167960000001,1.4430107526881721,-86.0,24.99964,121.44568,404.97,9.537205434093755,3,9,20.94,59.36,2.4314398764978646
2019/07/14 13:26:11.473000,1101,276,32.03,64.5,955.4703119999999,1.4344086021505378,-91.0,24.99966,121.4457,416.73,9.534823948749121,3,9,12.43,37.51,2.5025825689331596
2019/07/14 13:26:12.472000,1101,277,31.99,64.6,954.756718,1.4322580645161291,-90.0,24.9997,121.44572,430.17,9.532047853607798,3,9,15.35,28.54,2.583937283127861
2019/07/14 13:26:13.473000,1101,278,31.93,64.8,953.7664840000001,1.4473118279569892,-88.0,24.99973,121.44573,443.03,9.530463382609103,3,9,19.78,23.15,2.6615168417627273
2019/07/14 13:26:14.475000,1101,279,31.84,64.9,952.880937,1.4451612903225808,-83.0,24.99977,121.44575,454.91,9.527690301667729,3,9,21.87,41.13,2.7335737221547274
2019/07/14 13:26:15.473000,1101,280,31.78,65.3,952.373906,1.4451612903225808,-89.0,24.99982,121.44581,458.43,9.520750380540218,3,9,24.0,47.96,2.7566979683660113
2019/07/14 13:26:16.475000,1101,281,31.75,65.4,951.960468,1.4451612903225808,-94.0,24.99987,121.4459,462.77,9.51083289700417,3,9,36.92,56.59,2.7856522257965204
2019/07/14 13:26:17.473000,1101,282,31.7,65.5,951.3174210000001,1.4430107526881721,-91.0,24.99993,121.44599,471.81,9.500721938681394,3,9,42.06,54.01,2.842997869124754
2019/07/14 13:26:18.474000,1101,283,31.64,65.6,950.673046,1.4451612903225808,-88.0,24.99998,121.44607,482.87,9.491801459977214,3,9,37.39,56.24,2.9122588932056805
2019/07/14 13:26:19.477000,1101,284,31.62,65.8,950.167968,1.4451612903225808,-87.0,25.00004,121.44616,486.19,9.481695271762678,3,9,38.73,52.15,2.9353673798401205
2019/07/14 13:26:20.474000,1101,285,31.58,65.8,949.520625,1.4473118279569892,-84.0,25.00011,121.44624,491.18,9.472391981655147,3,10,38.27,43.4,2.9683482508148646
2019/07/14 13:26:21.475000,1101,286,31.53,66.0,948.67039,1.4322580645161291,-87.0,25.00016,121.44628,497.89,9.467452739281335,3,10,28.87,28.67,3.0103916269046467
2019/07/14 13:26:22.474000,1101,287,31.5,66.1,947.9546869999999,1.4473118279569892,-94.0,25.00022,121.44632,500.71,9.46232385845486,3,9,22.76,19.25,3.0290484582754424
2019/07/14 13:26:23.472000,1101,288,31.47,66.1,947.44375,1.4451612903225808,-88.0,25.00027,121.44634,511.31,9.459377737587912,3,9,17.0,19.83,3.0940114617387677
2019/07/14 13:26:24.473000,1101,289,31.42,66.2,947.115625,1.4365591397849462,-90.0,25.00029,121.44635,513.4,9.458001290036911,3,9,11.67,22.13,3.107084865203054
2019/07/14 13:26:25.474000,1101,290,31.36,66.5,946.368125,1.4301075268817205,-87.0,25.0003,121.44635,529.37,9.457810188466285,3,9,11.35,34.61,3.203601250948039
2019/07/14 13:26:26.474000,1101,291,31.31,66.5,945.662187,1.4494623655913978,-89.0,25.00031,121.44636,540.75,9.456625274240263,3,10,7.38,34.61,3.2727309097403974
2019/07/14 13:26:27.475000,1101,292,31.27,66.8,944.885468,1.4430107526881721,-90.0,25.0003,121.44639,537.5,9.453834528098687,3,9,5.84,34.61,3.254061853438808
2019/07/14 13:26:28.474000,1101,293,31.2,66.9,944.109687,1.4322580645161291,-90.0,25.00031,121.44645,538.79,9.447679957886027,3,9,21.56,73.17,3.263975059290893
2019/07/14 13:26:29.474000,1101,294,31.14,67.1,943.3469530000001,1.4322580645161291,-88.0,25.00033,121.44651,541.58,9.441334348526848,3,9,20.58,74.23,3.283040237551829
2019/07/14 13:26:30.475000,1101,295,31.07,67.2,942.75539,1.4344086021505378,-88.0,25.00034,121.44658,547.87,9.434185856858,3,10,27.01,80.49,3.32359597207836
2019/07/14 13:26:31.474000,1101,296,31.02,67.4,942.182578,1.4322580645161291,-88.0,25.00036,121.44666,553.4,9.425852483811894,3,9,33.26,80.19,3.360027971576993
2019/07/14 13:26:32.473000,1101,297,30.94,67.6,941.445468,1.4322580645161291,-89.0,25.00037,121.44675,559.3,9.416716108615084,3,9,30.64,82.98,3.399054024378008
2019/07/14 13:26:33.473000,1101,298,30.88,67.8,940.871718,1.4430107526881721,-86.0,25.00038,121.44683,569.48,9.408573684698695,3,5,31.66,85.52,3.4637600296611972
2019/07/14 13:26:34.473000,1101,299,30.84,68.0,940.2060150000001,1.4473118279569892,-84.0,25.00039,121.44691,574.3,9.400431270073097,3,6,23.7,85.67,3.496022583721135
2019/07/14 13:26:35.474000,1101,300,30.76,68.2,939.554921,1.4451612903225808,-89.0,25.0004,121.44698,574.69,9.393282785669223,3,9,23.58,70.76,3.5010465238051016
2019/07/14 13:26:36.472000,1101,301,30.7,68.4,938.864921,1.4430107526881721,-84.0,25.00045,121.44705,577.2,9.385371172809952,3,1,31.53,57.79,3.5192560122227605
2019/07/14 13:26:37.476000,1101,302,30.62,68.6,938.198593,1.4430107526881721,-91.0,25.00049,121.4471,591.51,9.37963972666942,3,10,30.7,49.95,3.608476083233693
2019/07/14 13:26:38.474000,1101,303,30.57,68.7,937.836718,1.4430107526881721,-91.0,25.00054,121.44717,596.05,9.371731678568906,3,10,25.92,52.22,3.639158065308517
2019/07/14 13:26:39.474000,1101,304,30.52,69.0,937.235468,1.4473118279569892,-91.0,25.0006,121.44722,604.41,9.365625035369876,3,10,31.52,46.59,3.6924590037852556
2019/07/14 13:26:40.476000,1101,305,30.46,69.2,936.568125,1.4430107526881721,-98.0,25.00065,121.44732,608.47,9.354738609678204,3,-6,41.61,62.31,3.721506702864058
2019/07/14 13:26:41.475000,1101,306,30.41,69.4,936.346484,1.4344086021505378,-98.0,25.00069,121.44741,613.43,9.34503620174422,3,-4,35.95,63.71,3.7556407088962818
