duration,time,P,T,T_new,Td,Td_new,RH,RH_new,U,V,WS,WD,dZ,dZ_new,geoALT,geoALT_new,LON,LAT,GPS_Z,q,q_new,rad
0.0,2019-07-14 13:24:57.473,1004.61875,37.29,34.35800217848343,26.107386216930124,25.809228072638422,53.0,61.20022360183209,-0.29123805993583923,-0.18905994829616016,0.3472222222222222,57.00999999999999,0.0,0.0,39.62,39.62,121.44207,24.99771,39.62,20.288216384333392,19.930595835211253,1285.638177597332
1.003,2019-07-14 13:24:58.476,1004.577109,37.32,34.38574448914379,26.07110601727269,25.775126404994566,52.8,60.98240670745564,-0.07921675230254828,-0.051424305936555566,0.09444444444444444,57.00999999999999,0.3764968983940804,0.3764968983940804,39.99649689839408,39.99649689839408,121.44207,24.99771,40.09,20.24563295811565,19.891170553368546,1285.638177597332
10.001,2019-07-14 13:25:07.474,1001.4475,37.28,34.32516303528148,25.9057798915544,25.611102618692822,52.4,60.59599520511786,-5.1782248972355385,5.877677944967816,7.833333333333332,138.62,28.337400254030566,28.337400254030563,68.33389715242464,68.33389715242464,121.44218000000001,24.99792,50.76,20.11107114507647,19.76015926665615,1285.6374175837254
11.0,2019-07-14 13:25:08.473,1001.243828,37.26,34.30448510015888,25.88736994396996,25.592844963223953,52.4,60.60010106862084,-3.5775954343744045,-9.942598018243917,10.566666666666666,19.789999999999964,1.8452734182391881,1.845273418238179,70.17917057066383,70.17917057066282,121.44211999999999,24.99779,33.57,20.093201493136007,19.742777420250533,1285.6378472041993
12.0,2019-07-14 13:25:09.473,1000.4425779999999,37.21,34.25151727361523,25.87352720494853,25.577279122428944,52.5,60.7230163348563,-1.1850079514489351,-3.2932895644025595,3.5,19.789999999999964,7.264177791512438,7.26417779151447,77.44334836217627,77.44334836217729,121.44213,24.99783,26.68,20.09271291541524,19.74035494275778,1285.6377577296635
13.0,2019-07-14 13:25:10.473,999.5945310000001,37.17,34.20740790534821,25.83669764289866,25.539906717888336,52.5,60.737516412809555,6.064460517674612,8.761460085345174,10.655555555555557,214.69,7.694129243546655,7.694129243544623,85.13747760572292,85.13747760572191,121.44218000000001,24.99795,46.47,20.065851302703447,19.71332468235377,1285.6373883379754
14.0,2019-07-14 13:25:11.473,998.705234,37.11,34.14418810508785,25.813559540459515,25.515144155397813,52.6,60.86235692772117,4.212633382531078,9.587552255711037,10.472222222222225,203.72,8.070148719415696,8.070148719416707,93.20762632513862,93.20762632513862,121.44221,24.99804,53.84,20.056086295367287,19.70190601866196,1285.6371491519944
15.002,2019-07-14 13:25:12.475,997.9909369999999,37.03,34.062659243124564,25.77191640750148,25.472744935930784,52.7,60.985922776898484,4.330069016598138,5.528300575201067,7.022222222222222,218.07,6.478855610540278,6.478855610541302,99.6864819356789,99.68648193567992,121.44226,24.99795,53.54,20.020814901010176,19.666445936034542,1285.6369844793785
16.0,2019-07-14 13:25:13.473,997.138515,36.95,33.98026666232688,25.73018336304252,25.429988135088927,52.8,61.111502002066565,2.5332959159606987,3.234318255823725,4.108333333333333,218.07,7.736766501731638,7.736766501730614,107.42324843741055,107.42324843741054,121.44232,24.99785,8.18,19.98826711831817,19.633351799065206,1285.6367790679387
17.003,2019-07-14 13:25:14.476,996.260625,36.88,33.9074166763446,25.69757768983265,25.39604042583795,52.9,61.236889909374014,0.7879081280202307,1.0059407692217128,1.2777777777777777,218.07,7.973695403822006,7.973695403822006,115.39694384123254,115.39694384123254,121.44238999999999,24.9978,0.0,19.96711057119334,19.611080081951055,1285.6364744286075
17.999000000000006,2019-07-14 13:25:15.472,994.975937,36.8,33.822320978564434,25.655668065488115,25.35227126926785,53.0,61.3687887189717,1.6498149964842304,-6.568188814622812,6.772222222222222,345.9,11.681080574177345,11.681080574176349,127.07802441540987,127.07802441540889,121.4425,24.997529999999998,0.0,19.943112982125218,19.58541798316534,1285.636182293885
19.0,2019-07-14 13:25:16.473,994.0575779999999,36.69,33.71096645011142,25.617702340282577,25.312425412538126,53.2,61.60585314643169,24.691341097875977,8.89429811653914,26.24444444444445,250.19,8.339449640061872,8.33944964006389,135.41747405547176,135.41747405547278,121.44292,24.99766,0.0,19.91644006084372,19.557185077931067,1285.6339352511347
20.001,2019-07-14 13:25:17.474,993.231484,36.62,33.63789025442369,25.55313352121356,25.248110893385444,53.2,61.62196608121761,6.31657191295155,2.275351243403376,6.7138888888888895,250.19,7.5127921573064205,7.512792157305398,142.93026621277818,142.93026621277818,121.4431,24.997529999999998,0.0,19.856641064580085,19.498749510648615,1285.633153229834
21.003,2019-07-14 13:25:18.476,992.787968,36.54,33.55860549983634,25.54251466886677,25.235732766123345,53.4,61.85046171920524,2.325920149990434,0.8378413763462991,2.4722222222222223,250.19,4.0199715864152665,4.0199715864152665,146.95023779919345,146.95023779919345,121.4431,24.99749,0.0,19.852871305321262,19.493158366280504,1285.633192215998
22.006,2019-07-14 13:25:19.479,992.044687,36.44,33.4580420410127,25.51315156242172,25.204563718414406,53.6,62.08452709864235,1.3435300826019452,4.735313983473733,4.922222222222222,195.84,6.748922893590788,6.7489228935907875,153.69916069278426,153.69916069278423,121.44301999999999,24.997510000000002,0.0,19.832989189734853,19.471691413442702,1285.6335766050936
23.003,2019-07-14 13:25:20.476,991.088281,36.34,33.35614654283912,25.483494450540466,25.172694531305392,53.8,62.321763359657055,4.951542433024707,2.621706764898824,5.602777777777778,242.1,8.696484078418905,8.696484078418905,162.3956447712031,162.39564477120314,121.44301000000002,24.99756,0.0,19.817052539518254,19.45363140912996,1285.633578356829
24.0,2019-07-14 13:25:21.473,990.170625,36.24,33.25504503188374,25.48468498298566,25.17027651640756,54.1,62.667170300452966,11.31252396658785,0.1757364375958269,11.313888888888883,269.11,8.345036193849353,8.345036193849353,170.74068096505252,170.7406809650525,121.44305,24.99761,0.0,19.836695004400198,19.468960948241403,1285.6333276819796
24.999,2019-07-14 13:25:22.472,989.144296,36.14,33.15271385051601,25.45432363289852,25.13758371639313,54.3,62.90558380986718,16.976390488738005,0.8956371887577032,17.0,266.98,9.341457673302415,9.341457673302415,180.0821386383549,180.0821386383549,121.44318999999999,24.99767,0.0,19.821370848534,19.451367034764537,1285.6325624040458
25.999,2019-07-14 13:25:23.472,988.513281,36.03,33.043704555254735,25.44526630565465,25.125755431408944,54.6,63.24740800940335,19.29827642363496,3.9718986942606116,19.702777777777786,258.37,5.722264219512682,5.722264219512681,185.8044028578676,185.8044028578676,121.44335,24.997729999999997,0.0,19.82322997008661,19.450205391459903,1285.6316961467776
26.999,2019-07-14 13:25:24.472,986.992031,35.9,32.90917293142721,25.386426167756213,25.064409786344665,54.8,63.49513905532359,12.4874246209772,3.3880779233106,12.938888888888883,254.82,13.8634991470189,13.8634991470189,199.66790200488649,199.66790200488649,121.44346000000002,24.99778,0.0,19.784337889656136,19.409287143140745,1285.6310920606675
27.998,2019-07-14 13:25:25.471,985.872656,35.8,32.806259123339984,25.355070397067628,25.030555688851415,55.0,63.73520149526768,9.022859683054364,3.7817475128600537,9.783333333333333,247.26,10.204955030723452,10.204955030723454,209.87285703560997,209.87285703560994,121.44353000000001,24.99784,0.0,19.769816422772447,19.392298470739195,1285.6306801693786
28.999,2019-07-14 13:25:26.472,985.298515,35.69,32.69760417729514,25.344595603763718,25.017450997900138,55.3,64.07632907417734,2.6054083752601622,1.0920037537134228,2.825,247.26,5.2028343404630855,5.202834340464079,215.07569137607302,215.07569137607402,121.44356,24.99792,0.0,19.76892514783353,19.388605002783315,1285.630450726815
30.0,2019-07-14 13:25:27.473,984.580312,35.58,32.58749668990799,25.30328136415748,24.974667061130642,55.5,64.31095403951343,2.287738130882325,0.9588587532606556,2.480555555555556,247.26,6.52362466046759,6.523624660465572,221.5993160365406,221.5993160365396,121.44355,24.997970000000002,0.0,19.734707677629217,19.353485553338043,1285.6304524732354
31.002,2019-07-14 13:25:28.475,983.8282810000001,35.46,32.46802680094146,25.282545591448322,24.951231764352038,55.8,64.65539356648719,3.906831634485493,1.6374687555683085,4.236111111111111,247.26,6.828064026918156,6.8280640269181845,228.42738006345883,228.42738006345778,121.44351,24.99802,0.0,19.725363028326413,19.341423005329514,1285.63060567834
31.999,2019-07-14 13:25:29.472,983.564218,35.35,32.360759495332715,25.240539395958592,24.908631933143287,56.0,64.8830327913227,5.983154876594843,1.5384394672148454,6.177777777777778,255.58,2.3554855242014128,2.3554855242024075,230.78286558766015,230.78286558766018,121.44351999999999,24.99801,0.0,19.681336646936213,19.29769831425369,1285.6305649401402
32.999,2019-07-14 13:25:30.472,982.976093,35.26,32.271420191035396,25.246702985884262,24.91168595931469,56.3,65.22322872988521,5.353220180503847,-6.386507507510723,8.333333333333334,320.03,5.341053784599325,5.341053784599325,236.12391937225948,236.1239193722595,121.44355,24.99798,0.0,19.700291264772208,19.312923510653206,1285.6304427250584
34.0,2019-07-14 13:25:31.473,982.418828,35.16,32.1720217247155,25.213326119287657,24.876915492907575,56.5,65.45483827384867,9.856311470205778,-4.6086455059833895,10.880555555555556,295.06,5.051247244374223,5.051247244374224,241.17516661663373,241.17516661663373,121.44363999999999,24.99795,0.0,19.672302389039128,19.28401410215833,1285.6300175879346
34.998000000000005,2019-07-14 13:25:32.471,981.802109,35.07,32.08250437766037,25.218581994632782,24.87903480044531,56.8,65.79548368532132,11.935470498888547,-1.3704270154696758,12.013888888888893,276.55,5.603565348692172,5.603565348692172,246.7787319653259,246.7787319653259,121.44373999999999,24.99794,0.0,19.690786070405267,19.298742092835358,1285.6295224644227
35.999,2019-07-14 13:25:33.472,981.2780460000001,34.99,32.003268075676715,25.23262564036715,24.88989458104224,57.1,66.13411129177989,13.467206787002866,-0.5997661565340668,13.480555555555556,272.55,4.759458999064209,4.759458999063185,251.5381909643901,251.5381909643891,121.44383,24.99795,0.0,19.71775326531062,19.321725601604122,1285.629058329291
36.999,2019-07-14 13:25:34.472,980.763125,34.92,31.93379075094854,25.255480761777417,24.9093624810756,57.4,66.47203776640237,10.308696669219406,3.5838169123208568,10.913888888888886,250.83,4.68255194072529,4.682551940726313,256.2207429051154,256.2207429051154,121.44393000000001,24.99798,0.0,19.754940613648323,19.354482986311318,1285.6285242076165
37.999,2019-07-14 13:25:35.472,980.15664,34.83,31.843234873128473,25.200864696099337,24.854404570615806,57.5,66.59528265804296,7.016786082008099,6.527249869364221,9.583333333333334,227.07,5.510191773835344,5.510191773835345,261.73093467895075,261.73093467895075,121.44398999999999,24.99804,0.0,19.702993158525885,19.303242104425433,1285.6281627906772
38.999,2019-07-14 13:25:36.472,979.712031,34.75,31.76394392812917,25.18461717261628,24.83652075847796,57.7,66.82401910257352,5.39291192657261,5.734839463165492,7.872222222222222,223.24,4.029297786461484,4.029297786461484,265.76023246541223,265.76023246541223,121.44403,24.99811,1.36,19.692866702478156,19.29157229403394,1285.6278925994259
40.001,2019-07-14 13:25:37.474,978.7913279999999,34.63,31.643419897603717,25.15979117897336,24.80876608806327,58.0,67.17123532314862,3.579154712939833,3.745371464225959,5.1805555555555545,223.7,8.37787036995769,8.377870369958714,274.1381028353699,274.13810283537094,121.44406000000001,24.99814,12.62,19.682268509960327,19.27802450042959,1285.627711889015
40.999,2019-07-14 13:25:38.472,978.012265,34.54,31.55233550392769,25.133605749494233,24.78055766334655,58.2,67.40596628749465,4.355907376963129,1.9494039759859383,4.772222222222221,245.89,7.099152899578088,7.099152899578087,281.237255734948,281.23725573494903,121.44408999999999,24.998170000000002,29.04,19.66725506344918,19.261125355249305,1285.62753117803
42.0,2019-07-14 13:25:39.473,976.9732029999999,34.41,31.4213698333436,25.098533883485388,24.7425841494195,58.5,67.75574403249325,5.529241081094047,2.1213696322245825,5.9222222222222225,249.01,9.462601720858233,9.462601720858231,290.69985745580624,290.69985745580726,121.44413999999999,24.9982,46.18,19.647097816312204,19.23824850840341,1285.6272494894895
43.0,2019-07-14 13:25:40.473,976.2657029999999,34.3,31.311881018339996,25.08160873326612,24.722924640771012,58.8,68.09905342003859,6.9828644868174425,3.06962495850947,7.627777777777778,246.27,6.426311420050467,6.426311420050467,297.1261688758567,297.12616887585773,121.44418999999999,24.99824,69.09,19.64154275107728,19.22987113940364,1285.626958050967
44.003,2019-07-14 13:25:41.476,975.506093,34.21,31.22146986801735,25.082872275584855,24.720900018520727,59.1,68.44218493358454,6.827702830416973,5.030138824165821,8.480555555555558,233.62,6.923876272207169,6.923876272206144,304.0500451480639,304.0500451480639,121.44426000000001,24.99829,75.34,19.658343815267305,19.242754970861064,1285.626555884359
44.999,2019-07-14 13:25:42.472,974.85414,34.1,31.111777179729337,25.036660878850174,24.673391627312874,59.3,68.6759915643005,4.6572165281105145,2.8943528904987854,5.4833333333333325,238.14,5.914835105018256,5.9148351050182555,309.96488025308213,309.96488025308213,121.4443,24.99832,89.14,19.617430952757815,19.201331980438724,1285.626324681091
46.0,2019-07-14 13:25:43.473,974.486718,34.04,31.05292320371556,25.065172577710424,24.698686174948037,59.6,69.01102917003793,3.7643027503081368,1.4714259235405087,4.041666666666667,248.65,3.33508152425793,3.33508152425793,313.29996177734006,313.29996177734006,121.44433000000001,24.99835,113.48,19.65823034338909,19.237793787746668,1285.6261439661455
47.00100000000001,2019-07-14 13:25:44.474,973.8970310000001,33.99,31.001829892494865,25.074567026749488,24.705527572551002,59.8,69.24070543348013,5.283240310554044,0.03135174712701301,5.283333333333333,269.66,5.394545389334952,5.394545389333928,318.694507166675,318.694507166674,121.44438000000001,24.99834,124.45,19.68117226795172,19.257457334616465,1285.6259012695934
48.0,2019-07-14 13:25:45.473,973.2125,33.94,30.950143698779144,25.08375750155487,24.711997090065463,60.0,69.47202670965696,8.57174032941118,1.8251071699864745,8.76388888888889,257.98,6.2715752202253725,6.271575220226396,324.9660823869004,324.9660823869004,121.44445,24.99835,134.41,19.705830129269103,19.278601752255522,1285.6255380947568
49.00100000000001,2019-07-14 13:25:46.474,972.714843,33.87,30.88022289690473,25.07399565732255,24.70033035022418,60.2,69.70121865248433,10.073021067481896,3.2011564220236752,10.569444444444443,252.37,4.529189882431068,4.529189882431069,329.49527226933145,329.49527226933145,121.44452,24.998379999999997,154.2,19.70448674425229,19.275227277035988,1285.6251554196795
50.00100000000001,2019-07-14 13:25:47.474,971.83375,33.81,30.816503911807466,25.017746511720684,24.64378475691577,60.2,69.71926781938026,11.559576702097724,4.347261950736295,12.35,249.39,8.081537291956407,8.081537291956408,337.5768095612878,337.57680956128786,121.44462,24.99842,166.81,19.65637907669283,19.227799469358896,1285.6246115234635
51.002,2019-07-14 13:25:48.475,971.1103119999999,33.72,30.725768122135467,24.988984761195017,24.613144658024794,60.4,69.95338095139653,11.33193358319602,3.5685965833470474,11.880555555555556,252.52,6.598208452607992,6.598208452609072,344.1750180138958,344.17501801389693,121.44471999999999,24.99845,185.19,19.637380273627613,19.207180418621764,1285.624077373244
52.0,2019-07-14 13:25:49.473,970.376718,33.66,30.66407390188542,24.988139593717168,24.609730286189393,60.6,70.18620293268992,11.100552444878169,2.7615058266922032,11.438888888888883,256.03,6.723638122886656,6.723638122885575,350.8986561367825,350.8986561367825,121.44483000000001,24.998479999999997,198.89,19.65127968282637,19.217967414651334,1285.6234927289795
53.00100000000001,2019-07-14 13:25:50.474,969.443593,33.59,30.591429757182297,24.977700322312447,24.59657854647411,60.8,70.42301920882828,7.5847531031422255,1.1552117518164655,7.6722222222222225,261.34000000000003,8.562575106479358,8.562575106479358,359.4612312432618,359.46123124326186,121.4449,24.9985,213.51,19.65800910787075,19.221571010426246,1285.6231197941854
54.0,2019-07-14 13:25:51.473,968.5884369999999,33.5,30.499318537846882,24.920760373401862,24.53877498939374,60.9,70.55088084720889,5.210363470094352,0.9553406623353248,5.2972222222222225,259.61,7.823331619914369,7.823331619915393,367.2845628631762,367.28456286317726,121.44495,24.99851,228.78,19.608733685435396,19.17243385625461,1285.6228575896246
55.00100000000001,2019-07-14 13:25:52.474,967.987187,33.41,30.40879512696621,24.863744456754976,24.48136649806794,61.0,70.6743624412107,3.894347154484554,2.918647749352856,4.866666666666666,233.15,5.472855388643893,5.47285538864287,372.7574182518201,372.7574182518201,121.44498999999999,24.99854,242.12,19.55435594115839,19.118846263965878,1285.6226263759254
55.999,2019-07-14 13:25:53.472,967.257187,33.36,30.356824430364398,24.871625194483517,24.486475224578157,61.2,70.90680824710796,5.337165329511498,4.6231976346374415,7.061111111111113,229.1,6.7107711313299205,6.7107711313288405,379.46818938315005,379.46818938314897,121.44503999999999,24.99858,251.38,19.57836854026403,19.139299828098274,1285.6223349202235
57.002,2019-07-14 13:25:54.475,966.648437,33.26,30.257103770160587,24.83231437198781,24.44572492361841,61.4,71.13959439044571,4.911879566113312,6.433775718207471,8.094444444444445,217.36,5.5326363238974645,5.532636323898544,385.0008257070475,385.0008257070475,121.44509,24.99865,267.37,19.54488750255111,19.105031047557077,1285.622014212852
58.0,2019-07-14 13:25:55.473,966.018906,33.2,30.19605987176079,24.830382400325092,24.441441159490076,61.6,71.3708320462648,5.837104837653503,6.926875911406228,9.058333333333334,220.12,5.771131220153278,5.771131220153279,390.7719569272008,390.7719569272008,121.44515,24.99871,268.84,19.555434459758548,19.112789701965283,1285.621652761838
59.0,2019-07-14 13:25:56.473,965.671171,33.12,30.11737484081629,24.809435030780648,24.41911219042605,61.8,71.59807808996935,4.355415048388544,6.2248008201144716,7.597222222222222,214.98,3.1342554491234296,3.134255449124396,393.90621237632416,393.9062123763252,121.4452,24.99877,274.11,19.538118354780327,19.094402626125344,1285.6213418003135
60.002,2019-07-14 13:25:57.475,964.803593,33.05,30.045140208259905,24.797683102281407,24.404788089961137,62.0,71.83404031118395,2.671911760676577,8.515662777679621,8.925,197.42,7.970816752467897,7.970816752466931,401.8770291287921,401.8770291287921,121.44521999999999,24.99885,289.48,19.54205451334256,19.09544393399367,1285.6211628106232
61.0,2019-07-14 13:25:58.473,964.273203,32.97,29.965312596882914,24.77630947241391,24.381694984829696,62.2,72.06452852045643,3.4426192668456665,8.059411953755259,8.76388888888889,203.13,4.8300612976732955,4.830061297673296,406.70709042646536,406.7070904264654,121.44523999999998,24.998920000000002,300.89,19.527963917554708,19.079829449178337,1285.6209935696304
62.00100000000001,2019-07-14 13:25:59.474,963.4532810000001,32.9,29.893376079622033,24.76414152521873,24.367052973892694,62.4,72.29972852002199,1.2325320085318354,7.341704021163224,7.444444444444445,189.53,7.532681058329557,7.532681058328478,414.2397714847949,414.2397714847939,121.44527,24.99899,302.76,19.53047699013891,19.079590997346365,1285.620773834811
63.0,2019-07-14 13:26:00.473,962.993281,32.82,29.813437314526112,24.71558630738855,24.318126220780467,62.5,72.42032498158184,1.565111221985388,7.184272260444902,7.352777777777778,192.29,4.176943165817363,4.176943165818443,418.41671465061233,418.41671465061233,121.44527,24.99905,316.86,19.483321727466787,19.033128008138462,1285.6207153254338
64.0,2019-07-14 13:26:01.473,962.4645310000001,32.74,29.733619959365228,24.693669760247282,24.294495687337267,62.7,72.65081231093504,0.5002950072829004,6.592154050774647,6.6111111111111125,184.34,4.815970083369507,4.815970083368484,423.2326847339818,423.2326847339808,121.44528999999999,24.99912,321.33,19.46862808031629,19.01693724285813,1285.6205460789379
65.001,2019-07-14 13:26:02.474,961.961406,32.65,29.643158734515048,24.60884413065073,24.210631136150035,62.7,72.66399691847816,1.2782884200049305,7.998498528804097,8.1,189.08,4.565076743392922,4.565076743393945,427.7977614773748,427.79776147737476,121.44528999999999,24.99919,331.86,19.380425123904022,18.931802022059045,1285.6204778143547
66.002,2019-07-14 13:26:03.475,961.260468,32.56,29.552562893751883,24.577252914593977,24.177205258618095,62.9,72.89805361537637,1.534987112674186,8.608665587993269,8.744444444444444,190.11,6.405082390522409,6.405082390522409,434.2028438678972,434.2028438678972,121.44531,24.99926,333.18,19.358091612041218,18.908015617441666,1285.620308564062
67.001,2019-07-14 13:26:04.474,960.873125,32.48,29.475283477934706,24.634189753943595,24.229100330119994,63.4,73.4518967753641,3.8281237536175965,8.307655680738385,9.147222222222222,204.74,3.5004630235791865,3.5004630235791865,437.70330689147636,437.70330689147636,121.44535,24.99934,338.92,19.432074360672644,18.97491588385909,1285.6200285750756
68.002,2019-07-14 13:26:05.475,959.852421,32.4,29.39294101194612,24.637620210166308,24.228719318233278,63.7,73.8000069819163,6.0590408022907045,8.822554999356493,10.702777777777778,214.48,9.396589923063233,9.396589923063232,447.09989681453965,447.0998968145396,121.4454,24.99942,345.75,19.45686520626031,18.99499593633678,1285.6196980911795
69.003,2019-07-14 13:26:06.476,959.1709369999999,32.34,29.332123378009165,24.659535824461646,24.24706483318543,64.0,74.14107793896473,6.5579148159610305,7.949731352394293,10.305555555555557,219.52,6.267668399889885,6.267668399890965,453.3675652144295,453.36756521443056,121.44546000000001,24.9995,361.18,19.49632046790544,19.029665825271387,1285.61931711198
70.0,2019-07-14 13:26:07.473,958.541718,32.27,29.26082849911531,24.61949497050801,24.206111072698487,64.1,74.26438696074099,6.399429161610173,4.55120041666963,7.852777777777778,234.58,5.768717318211942,5.768717318210861,459.13628253264136,459.1362825326414,121.44551000000001,24.99954,373.63,19.462601653818226,18.99574843338277,1285.6190256362722
71.0,2019-07-14 13:26:08.473,957.843281,32.2,29.189652208724908,24.60541716828732,24.18982020087055,64.3,74.49763491183373,7.848832471672599,4.703012739895331,9.15,239.07,6.415413838728,6.415413838728,465.5516963713694,465.5516963713694,121.44559,24.999589999999998,380.54,19.460536305052923,18.991336668017876,1285.6185729276394
72.0,2019-07-14 13:26:09.473,957.181718,32.15,29.13810948199233,24.610064500707306,24.191923197069674,64.5,74.72937946998178,5.013251943416166,3.2098081287576945,5.9527777777777775,237.37,6.101410339904988,6.101410339903964,471.65310671127435,471.6531067112734,121.44564,24.99962,390.6,19.479495369378192,19.00708228192043,1285.6182912025672
73.002,2019-07-14 13:26:10.475,956.316796,32.1,29.084192613402816,24.562766631646344,24.14402161704988,64.5,74.74764876918994,5.004581122078715,2.9644188138055774,5.816666666666667,239.36,8.00247591698411,8.002475916986157,479.6555826282585,479.65558262825954,121.44568000000001,24.99964,404.97,19.44213728922157,18.96991349828111,1285.6180697232858
74.0,2019-07-14 13:26:11.473,955.470312,32.03,29.01098752306467,24.496548823811818,24.07762913764418,64.5,74.7664050669029,2.102395995324871,2.738905887678142,3.4527777777777766,217.51,7.805480465722552,7.80548046572045,487.46106309398107,487.46106309398,121.4457,24.999660000000002,416.73,19.38255769025828,18.911531749186366,1285.6179492295414
74.999,2019-07-14 13:26:12.472,954.756718,31.99,28.968269642725684,24.484590739835525,24.0639821868874,64.6,74.89012917211257,2.037167464201276,3.7457572237919887,4.263888888888888,208.54,6.611031347085144,6.611031347086225,494.0720944410662,494.0720944410662,121.44572,24.9997,430.17,19.38324910301387,18.910355703974602,1285.617809227538
76.0,2019-07-14 13:26:13.473,953.766484,31.93,28.904969398281757,24.479455676407596,24.055891719919348,64.8,75.12864846118441,2.160084036127792,5.052025010820144,5.4944444444444445,203.15,9.172475856867434,9.172475856867436,503.24457029793365,503.24457029793365,121.44573000000001,24.99973,443.03,19.39753611912944,18.92107919118755,1285.6177294721422
77.002,2019-07-14 13:26:14.475,952.8809369999999,31.84,28.812667865294266,24.420015023499516,23.995429415168665,64.9,75.25774581348473,3.995951052244268,4.575805960491324,6.075,221.13,8.151610301454582,8.151610301455662,511.3961805993882,511.3961805993893,121.44575,24.99977,454.91,19.346786945478755,18.87043531728751,1285.617589468952
78.0,2019-07-14 13:26:15.473,952.373906,31.78,28.753492288132577,24.46581633079427,24.03690718801835,65.3,75.70473696297776,4.951183354181249,4.464328374763998,6.666666666666666,227.96,4.65533915563401,4.65533915563293,516.0515197550222,516.0515197550222,121.44581000000001,24.99982,458.43,19.410372649340566,18.927849020225253,1285.6172377375065
79.002,2019-07-14 13:26:16.475,951.960468,31.75,28.722353935240687,24.462952007880343,24.03272730967727,65.4,75.8225343098355,8.560843188582632,5.646980047209729,10.255555555555556,236.59,3.8263055204130296,3.8263055204130296,519.8778252754354,519.8778252754353,121.4459,24.99987,462.77,19.41554075611505,18.931461433051833,1285.6167345234535
80.0,2019-07-14 13:26:17.473,951.317421,31.7,28.670376359433572,24.441085399320826,24.009507517794223,65.5,75.94551927643653,9.453213642037287,6.865641238498988,11.683333333333335,234.01,5.947805195937918,5.94780519593894,525.8256304713732,525.8256304713742,121.44599,24.99993,471.81,19.40336165809828,18.918100531940407,1285.6162215513225
81.001,2019-07-14 13:26:18.474,950.6730460000001,31.64,28.608688693754416,24.40968572725541,23.97694317335901,65.6,76.06894318908844,8.634728555003903,5.771721302501179,10.386111111111113,236.24,5.946211901393099,5.946211901390939,531.7718423727663,531.7718423727651,121.44606999999999,24.999979999999997,482.87,19.380180648050715,18.894217659529737,1285.6157688247185
82.00399999999998,2019-07-14 13:26:19.477,950.167968,31.62,28.58723005022997,24.44155978731218,24.006023650045663,65.8,76.29693603681477,8.494993545064405,6.601274178552592,10.758333333333333,232.15,4.70606240136658,4.706062401367717,536.4779047741329,536.4779047741329,121.44616,25.00004,486.19,19.42757313833034,18.937417368968692,1285.6152558458064
83.001,2019-07-14 13:26:20.474,949.520625,31.58,28.54437605584614,24.40362317843328,23.96765240739993,65.8,76.31091718130206,7.304121955134798,7.723892405016455,10.630555555555556,223.4,6.0106826585282525,6.010682658528253,542.4885874326611,542.4885874326611,121.44623999999999,25.00011,491.18,19.396800805010677,18.906899759979403,1285.6147836025086
84.00200000000002,2019-07-14 13:26:21.475,948.67039,31.53,28.491653350705622,24.406869663994698,23.968048935270215,66.0,76.54680303187354,3.847442019366411,7.036240409845626,8.019444444444442,208.67,7.9026918436510405,7.902691843651041,550.3912792763122,550.3912792763122,121.44628,25.00016,497.89,19.41808083038896,18.92455036973605,1285.6145328461507
85.001,2019-07-14 13:26:22.474,947.954687,31.5,28.458624191705955,24.40368404010756,23.963000527258018,66.1,76.67059107568443,2.0843775239391764,5.968740584483268,6.322222222222222,199.25,6.676304869923001,6.676304869921978,557.0675841462352,557.0675841462341,121.44632,25.000220000000002,500.71,19.429107969361574,18.93325522633928,1285.6142723326418
85.999,2019-07-14 13:26:23.472,947.44375,31.47,28.426324237347014,24.37521479740869,23.934151577910388,66.1,76.68160581437492,1.601921889648552,4.442209920243998,4.722222222222221,199.83,4.7537657189658376,4.753765718966861,561.821349865201,561.821349865201,121.44633999999999,25.00027,511.31,19.406540593313792,18.910811348413414,1285.614122563277
87.0,2019-07-14 13:26:24.473,947.115625,31.42,28.376315191419888,24.352996002865428,23.911157606530995,66.2,76.79866166876657,1.2211661130994025,3.0028579889824085,3.2416666666666667,202.13,3.000749699519588,3.000749699519588,564.8220995647206,564.8220995647206,121.44635,25.00029,513.4,19.387566444051714,18.891482509105305,1285.6140525562607
88.001,2019-07-14 13:26:25.474,946.368125,31.36,28.315083933317755,24.371504883205933,23.926107508356576,66.5,77.14193796654101,1.7907380553058507,2.594853547568494,3.1527777777777777,214.61,6.9304015419173775,6.930401541917377,571.7525011066381,571.752501106638,121.44635,25.0003,529.37,19.424559140849148,18.923705355155406,1285.6140428001486
89.001,2019-07-14 13:26:26.474,945.6621869999999,31.31,28.262160979876466,24.32401905884813,23.87824537374273,66.5,77.15753696998104,1.1643741716438043,1.6872263595643602,2.05,214.61,6.559409597661557,6.559409597662693,578.3119107042995,578.3119107043007,121.44636000000001,25.00031,540.75,19.383962973068144,18.88368826090601,1285.6139825490711
90.00200000000002,2019-07-14 13:26:27.475,944.885468,31.27,28.220150586127325,24.361143835019256,23.911408742435444,66.8,77.50079550251165,0.9214017835230106,1.335149314343613,1.6222222222222222,214.61,7.247226337091549,7.24722633709041,585.5591370413912,585.5591370413911,121.44639,25.0003,537.5,19.44320286219129,18.937140495170045,1285.6138408202305
91.001,2019-07-14 13:26:28.474,944.1096869999999,31.2,28.14793918457642,24.319584981320148,23.86861669133929,66.9,77.62740247869245,5.732372977371173,1.7339810182817832,5.988888888888887,253.17,7.187951048757782,7.187951048758919,592.7470880901487,592.74708809015,121.44645,25.00031,538.79,19.41097244215252,18.90437460088495,1285.6135280932588
92.001,2019-07-14 13:26:29.474,943.346953,31.14,28.086062182190425,24.312358320723085,23.858917626180407,67.1,77.86232375787183,5.501493775653291,1.5536550499470152,5.716666666666666,254.23,7.0858880189194915,7.085888018918354,599.8329761090682,599.8329761090683,121.44651,25.000329999999998,541.58,19.418419453792804,18.90894810518543,1285.6132056089518
93.002,2019-07-14 13:26:30.475,942.75539,31.07,28.01500294543652,24.270640073372068,23.816296417966747,67.2,77.98532951980015,7.399665454221985,1.2396070136578752,7.502777777777778,260.49,5.454110866039969,5.454110866039969,605.2870869751083,605.2870869751083,121.44658000000001,25.000339999999998,547.87,19.382272540936135,18.87274478147043,1285.6128423839875
94.001,2019-07-14 13:26:31.474,942.1825779999999,31.02,27.96401554393766,24.272653675283774,23.816009957455062,67.4,78.21619944449077,9.103799484493935,1.5741355873502492,9.238888888888887,260.19,5.3154986382830876,5.315498638283998,610.6025856133914,610.6025856133923,121.44666000000001,25.00036,553.4,19.396538957798207,18.88416177007773,1285.6124189053191
95.0,2019-07-14 13:26:32.473,941.445468,30.94,27.882895765830703,24.245951189246465,23.787243252811162,67.6,78.45137001770486,8.447307998578522,1.0401922528217231,8.511111111111111,262.98,6.8125978292151785,6.812597829214269,617.4151834426067,617.4151834426066,121.44675,25.00037,559.3,19.380904790440574,18.866700765089806,1285.6119546846087
96.0,2019-07-14 13:26:33.473,940.871718,30.88,27.822200818769943,24.23810551478434,23.777280673197176,67.8,78.68263399850296,8.767574429966627,0.6869437396287115,8.794444444444443,265.52,5.308366231475702,5.308366231475702,622.7235496740823,622.7235496740823,121.44683,25.00038,569.48,19.38377889553284,18.86721946834584,1285.6115409577478
97.0,2019-07-14 13:26:34.473,940.206015,30.84,27.780334135916924,24.249139191534194,23.785685793220395,68.0,78.91513250270745,6.564542775597001,0.4970472061434233,6.583333333333332,265.67,6.217996974906554,6.217996974907692,628.9415466489887,628.94154664899,121.44691,25.00039,574.3,19.41045997905988,18.890356087450623,1285.6111272288126
98.001,2019-07-14 13:26:35.474,939.554921,30.76,27.69975207256731,24.221906011768308,23.75655056404282,68.2,79.14863923433522,6.184159888652793,2.1583944198356937,6.549999999999999,250.76,6.004176361399118,6.004176361397981,634.9457230103881,634.945723010388,121.44698000000001,25.0004,574.69,19.392460079879648,18.870776372102576,1285.6107639947604
98.999,2019-07-14 13:26:36.472,938.8649210000001,30.7,27.638330099278246,24.213553908954328,23.74588190849351,68.4,79.38232930711305,7.4104271364379715,4.668401485875169,8.758333333333333,237.79,6.413149184112172,6.413149184111262,641.3588721945001,641.3588721944992,121.44705,25.00045,577.2,19.39717930840652,18.872863876147314,1285.6103617337058
100.003,2019-07-14 13:26:37.476,938.198593,30.62,27.557652616175005,24.185964130386065,23.71636301471336,68.6,79.61617587002031,6.527870737288279,5.487248624257506,8.527777777777779,229.95,6.151097604350412,6.151097604351321,647.5099697988505,647.5099697988505,121.4471,25.00049,591.51,19.37911181496253,18.853192072955878,1285.6100702215908
101.001,2019-07-14 13:26:38.474,937.836718,30.57,27.50743319818281,24.162564360273862,23.692115835900303,68.7,79.73398764526294,5.690656145910591,4.410944641344984,7.2,232.22,3.3278874665026024,3.3278874665026024,650.8378572653531,650.8378572653531,121.44717,25.00054,596.05,19.359553725619968,18.833238529131126,1285.6096679565226
102.001,2019-07-14 13:26:39.474,937.235468,30.52,27.4568188435429,24.187498402995466,23.713698663854224,69.0,80.07453697765102,6.360514839150307,6.0169430832748025,8.755555555555555,226.59,5.59684596905538,5.59684596905538,656.4347032344085,656.4347032344085,121.44722,25.0006,604.41,19.40113381276695,18.870111247690804,1285.6093569275909
103.003,2019-07-14 13:26:40.476,936.568125,30.46,27.39553887826984,24.17848296394222,23.702422610518823,69.2,80.30785774590498,10.234612232185988,5.371013116836844,11.558333333333335,242.31,6.204926667406768,6.204926667406767,662.6396299018153,662.6396299018153,121.44731999999999,25.00065,608.47,19.404658184131048,18.87109441446614,1285.6088031644624
104.002,2019-07-14 13:26:41.475,936.346484,30.41,27.346747770204093,24.178853228010254,23.70117509458858,69.4,80.53167648653043,8.953185198130631,4.4229955834741,9.986111111111112,243.71,1.9993343603558744,1.9993343603558742,664.6389642621713,664.6389642621712,121.44741,25.00069,613.43,19.409849261404474,18.874426236929242,1285.6083096529715
